Autauga County|Alabama|55395
Baldwin County|Alabama|200111
Barbour County|Alabama|26887
Bibb County|Alabama|22506
Blount County|Alabama|57719
Bullock County|Alabama|10764
Butler County|Alabama|20296
Calhoun County|Alabama|115916
Chambers County|Alabama|34076
Cherokee County|Alabama|26037
Chilton County|Alabama|43931
Choctaw County|Alabama|13323
Clarke County|Alabama|24945
Clay County|Alabama|13552
Cleburne County|Alabama|15080
Coffee County|Alabama|50909
Colbert County|Alabama|54543
Conecuh County|Alabama|12670
Coosa County|Alabama|10886
Covington County|Alabama|37914
Crenshaw County|Alabama|13977
Cullman County|Alabama|81289
Dale County|Alabama|49484
Dallas County|Alabama|41711
DeKalb County|Alabama|71065
Elmore County|Alabama|80977
Escambia County|Alabama|37733
Etowah County|Alabama|103531
Fayette County|Alabama|16874
Franklin County|Alabama|31601
Geneva County|Alabama|26712
Greene County|Alabama|8553
Hale County|Alabama|15184
Henry County|Alabama|17190
Houston County|Alabama|104193
Jackson County|Alabama|52665
Jefferson County|Alabama|660793
Lamar County|Alabama|14086
Lauderdale County|Alabama|93096
Lawrence County|Alabama|33477
Lee County|Alabama|154255
Limestone County|Alabama|90787
Lowndes County|Alabama|10580
Macon County|Alabama|19425
Madison County|Alabama|350299
Marengo County|Alabama|20110
Marion County|Alabama|30271
Marshall County|Alabama|94636
Mobile County|Alabama|415123
Monroe County|Alabama|21947
Montgomery County|Alabama|226189
Morgan County|Alabama|119607
Perry County|Alabama|9826
Pickens County|Alabama|20365
Pike County|Alabama|33389
Randolph County|Alabama|22539
Russell County|Alabama|59608
St. Clair County|Alabama|86697
Shelby County|Alabama|206655
Sumter County|Alabama|13166
Talladega County|Alabama|81322
Tallapoosa County|Alabama|41165
Tuscaloosa County|Alabama|202212
Walker County|Alabama|65471
Washington County|Alabama|16834
Wilcox County|Alabama|11098
Winston County|Alabama|24150
Aleutians East Borough|Alaska|3360
Aleutians West Census Area|Alaska|5750
Anchorage Municipality|Alaska|301010
Bethel Census Area|Alaska|17868
Bristol Bay Borough|Alaska|957
Denali Borough|Alaska|1921
Dillingham Census Area|Alaska|4988
Fairbanks North Star Borough|Alaska|99357
Haines Borough|Alaska|2566
Hoonah-Angoon Census Area|Alaska|2082
Juneau Cityand Borough|Alaska|32406
Kenai Peninsula Borough|Alaska|57477
Ketchikan Gateway Borough|Alaska|13787
Kodiak Island Borough|Alaska|13986
Lake and Peninsula Borough|Alaska|1631
Matanuska-Susitna Borough|Alaska|97882
Nome Census Area|Alaska|9817
North Slope Borough|Alaska|9703
Northwest Arctic Borough|Alaska|7717
Petersburg Borough|Alaska|3160
Prince of Wales-Hyder Census Area|Alaska|6396
Sitka Cityand Borough|Alaska|8900
Skagway Municipality|Alaska|1036
Southeast Fairbanks Census Area|Alaska|6931
Valdez-Cordova Census Area|Alaska|9488
Wade Hampton Census Area|Alaska|8010
Wrangell Cityand Borough|Alaska|2364
Yakutat Cityand Borough|Alaska|635
Yukon-Koyukuk Census Area|Alaska|5547
Apache County|Arizona|71828
Cochise County|Arizona|127448
Coconino County|Arizona|137682
Gila County|Arizona|53119
Graham County|Arizona|37957
Greenlee County|Arizona|9346
La Paz County|Arizona|20231
Maricopa County|Arizona|4087191
Mohave County|Arizona|203361
Navajo County|Arizona|108101
Pima County|Arizona|1004516
Pinal County|Arizona|401918
Santa Cruz County|Arizona|46695
Yavapai County|Arizona|218844
Yuma County|Arizona|203247
Arkansas County|Arkansas|18594
Ashley County|Arkansas|20948
Baxter County|Arkansas|40857
Benton County|Arkansas|242321
Boone County|Arkansas|37196
Bradley County|Arkansas|11148
Calhoun County|Arkansas|5202
Carroll County|Arkansas|27744
Chicot County|Arkansas|11180
Clark County|Arkansas|22576
Clay County|Arkansas|15118
Cleburne County|Arkansas|25634
Cleveland County|Arkansas|8449
Columbia County|Arkansas|23933
Conway County|Arkansas|21083
Craighead County|Arkansas|102518
Crawford County|Arkansas|61697
Crittenden County|Arkansas|49548
Cross County|Arkansas|17227
Dallas County|Arkansas|7755
Desha County|Arkansas|12264
Drew County|Arkansas|18622
Faulkner County|Arkansas|120768
Franklin County|Arkansas|17805
Fulton County|Arkansas|12125
Garland County|Arkansas|97322
Grant County|Arkansas|18144
Greene County|Arkansas|43694
Hempstead County|Arkansas|22327
Hot Spring County|Arkansas|33368
Howard County|Arkansas|13500
Independence County|Arkansas|36959
Izard County|Arkansas|13486
Jackson County|Arkansas|17534
Jefferson County|Arkansas|72297
Johnson County|Arkansas|26005
Lafayette County|Arkansas|7111
Lawrence County|Arkansas|16931
Lee County|Arkansas|9860
Lincoln County|Arkansas|13970
Little River County|Arkansas|12532
Logan County|Arkansas|21958
Lonoke County|Arkansas|71557
Madison County|Arkansas|15740
Marion County|Arkansas|16367
Miller County|Arkansas|43428
Mississippi County|Arkansas|44235
Monroe County|Arkansas|7582
Montgomery County|Arkansas|9082
Nevada County|Arkansas|8723
Newton County|Arkansas|7904
Ouachita County|Arkansas|24828
Perry County|Arkansas|10245
Phillips County|Arkansas|19930
Pike County|Arkansas|11024
Poinsett County|Arkansas|24246
Polk County|Arkansas|20225
Pope County|Arkansas|63201
Prairie County|Arkansas|8304
Pulaski County|Arkansas|392702
Randolph County|Arkansas|17571
St. Francis County|Arkansas|26899
Saline County|Arkansas|115719
Scott County|Arkansas|10693
Searcy County|Arkansas|7929
Sebastian County|Arkansas|126776
Sevier County|Arkansas|17426
Sharp County|Arkansas|16906
Stone County|Arkansas|12494
Union County|Arkansas|40227
Van Buren County|Arkansas|16851
Washington County|Arkansas|220792
White County|Arkansas|78592
Woodruff County|Arkansas|6910
Yell County|Arkansas|21951
Alameda County|California|1610921
Alpine County|California|1116
Amador County|California|36742
Butte County|California|224241
Calaveras County|California|44624
Colusa County|California|21419
Contra Costa County|California|1111339
Del Norte County|California|27212
El Dorado County|California|183087
Fresno County|California|965974
Glenn County|California|27955
Humboldt County|California|134809
Imperial County|California|179091
Inyo County|California|18410
Kern County|California|874589
Kings County|California|150269
Lake County|California|64184
Lassen County|California|31749
Los Angeles County|California|10116705
Madera County|California|154548
Marin County|California|260750
Mariposa County|California|17682
Mendocino County|California|87869
Merced County|California|266353
Modoc County|California|9023
Mono County|California|13997
Monterey County|California|431344
Napa County|California|141667
Nevada County|California|98893
Orange County|California|3145515
Placer County|California|371694
Plumas County|California|18606
Riverside County|California|2329271
Sacramento County|California|1482026
San Benito County|California|58267
San Bernardino County|California|2112619
San Diego County|California|3263431
San Francisco County|California|852469
San Joaquin County|California|715597
San Luis Obispo County|California|279083
San Mateo County|California|758581
Santa Barbara County|California|440668
Santa Clara County|California|1894605
Santa Cruz County|California|271804
Shasta County|California|179804
Sierra County|California|3003
Siskiyou County|California|43628
Solano County|California|431131
Sonoma County|California|500292
Stanislaus County|California|531997
Sutter County|California|95847
Tehama County|California|63067
Trinity County|California|13170
Tulare County|California|458198
Tuolumne County|California|53831
Ventura County|California|846178
Yolo County|California|207590
Yuba County|California|73966
Adams County|Colorado|480718
Alamosa County|Colorado|16177
Arapahoe County|Colorado|618821
Archuleta County|Colorado|12244
Baca County|Colorado|3645
Bent County|Colorado|5630
Boulder County|Colorado|313333
Broomfield County|Colorado|62138
Chaffee County|Colorado|18363
Cheyenne County|Colorado|1871
Clear Creek County|Colorado|9187
Conejos County|Colorado|8265
Costilla County|Colorado|3568
Crowley County|Colorado|5360
Custer County|Colorado|4361
Delta County|Colorado|29870
Denver County|Colorado|663862
Dolores County|Colorado|1978
Douglas County|Colorado|314638
Eagle County|Colorado|52921
Elbert County|Colorado|24195
El Paso County|Colorado|663519
Fremont County|Colorado|46502
Garfield County|Colorado|57461
Gilpin County|Colorado|5851
Grand County|Colorado|14546
Gunnison County|Colorado|15725
Hinsdale County|Colorado|786
Huerfano County|Colorado|6462
Jackson County|Colorado|1396
Jefferson County|Colorado|558503
Kiowa County|Colorado|1402
Kit Carson County|Colorado|8072
Lake County|Colorado|7357
La Plata County|Colorado|53989
Larimer County|Colorado|324122
Las Animas County|Colorado|14052
Lincoln County|Colorado|5510
Logan County|Colorado|22524
Mesa County|Colorado|148255
Mineral County|Colorado|698
Moffat County|Colorado|12928
Montezuma County|Colorado|25772
Montrose County|Colorado|40873
Morgan County|Colorado|28328
Otero County|Colorado|18488
Ouray County|Colorado|4629
Park County|Colorado|16345
Phillips County|Colorado|4363
Pitkin County|Colorado|17626
Prowers County|Colorado|12034
Pueblo County|Colorado|161875
Rio Blanco County|Colorado|6707
Rio Grande County|Colorado|11607
Routt County|Colorado|23865
Saguache County|Colorado|6196
San Juan County|Colorado|720
San Miguel County|Colorado|7840
Sedgwick County|Colorado|2348
Summit County|Colorado|29404
Teller County|Colorado|23389
Washington County|Colorado|4780
Weld County|Colorado|277670
Yuma County|Colorado|10202
Fairfield County|Connecticut|945438
Hartford County|Connecticut|897985
Litchfield County|Connecticut|184993
Middlesex County|Connecticut|164943
New Haven County|Connecticut|861277
New London County|Connecticut|273676
Tolland County|Connecticut|151367
Windham County|Connecticut|116998
Kent County|Delaware|171987
New Castle County|Delaware|552778
Sussex County|Delaware|210849
District of Columbia|District of Columbia|658893
Alachua County|Florida|256380
Baker County|Florida|27093
Bay County|Florida|178985
Bradford County|Florida|26702
Brevard County|Florida|556885
Broward County|Florida|1869235
Calhoun County|Florida|14532
Charlotte County|Florida|168474
Citrus County|Florida|139377
Clay County|Florida|199798
Collier County|Florida|348777
Columbia County|Florida|67857
DeSoto County|Florida|35012
Dixie County|Florida|15907
Duval County|Florida|897698
Escambia County|Florida|310659
Flagler County|Florida|102408
Franklin County|Florida|11815
Gadsden County|Florida|46281
Gilchrist County|Florida|16997
Glades County|Florida|13635
Gulf County|Florida|15944
Hamilton County|Florida|14048
Hardee County|Florida|27469
Hendry County|Florida|38505
Hernando County|Florida|175855
Highlands County|Florida|98236
Hillsborough County|Florida|1316298
Holmes County|Florida|19650
Indian River County|Florida|144755
Jackson County|Florida|48801
Jefferson County|Florida|14050
Lafayette County|Florida|8835
Lake County|Florida|315690
Lee County|Florida|679513
Leon County|Florida|283988
Levy County|Florida|39613
Liberty County|Florida|8360
Madison County|Florida|18518
Manatee County|Florida|351746
Marion County|Florida|339167
Martin County|Florida|153392
Miami-Dade County|Florida|2662874
Monroe County|Florida|77136
Nassau County|Florida|76619
Okaloosa County|Florida|196512
Okeechobee County|Florida|39149
Orange County|Florida|1253001
Osceola County|Florida|310211
Palm Beach County|Florida|1397710
Pasco County|Florida|485331
Pinellas County|Florida|938098
Polk County|Florida|634638
Putnam County|Florida|72143
St. Johns County|Florida|217919
St. Lucie County|Florida|291028
Santa Rosa County|Florida|163422
Sarasota County|Florida|396962
Seminole County|Florida|442516
Sumter County|Florida|114350
Suwannee County|Florida|44022
Taylor County|Florida|22582
Union County|Florida|15190
Volusia County|Florida|507531
Wakulla County|Florida|31432
Walton County|Florida|61530
Washington County|Florida|24451
Appling County|Georgia|18540
Atkinson County|Georgia|8223
Bacon County|Georgia|11281
Baker County|Georgia|3255
Baldwin County|Georgia|45909
Banks County|Georgia|18295
Barrow County|Georgia|73240
Bartow County|Georgia|101736
Ben Hill County|Georgia|17464
Berrien County|Georgia|18700
Bibb County|Georgia|153905
Bleckley County|Georgia|12795
Brantley County|Georgia|18417
Brooks County|Georgia|15418
Bryan County|Georgia|33906
Bulloch County|Georgia|72087
Burke County|Georgia|22709
Butts County|Georgia|23368
Calhoun County|Georgia|6463
Camden County|Georgia|52027
Candler County|Georgia|10888
Carroll County|Georgia|114093
Catoosa County|Georgia|65621
Charlton County|Georgia|12897
Chatham County|Georgia|283379
Chattahoochee County|Georgia|11837
Chattooga County|Georgia|24939
Cherokee County|Georgia|230985
Clarke County|Georgia|120938
Clay County|Georgia|3102
Clayton County|Georgia|267542
Clinch County|Georgia|6831
Cobb County|Georgia|730981
Coffee County|Georgia|42811
Colquitt County|Georgia|46102
Columbia County|Georgia|139257
Cook County|Georgia|17214
Coweta County|Georgia|135571
Crawford County|Georgia|12387
Crisp County|Georgia|22934
Dade County|Georgia|16389
Dawson County|Georgia|22957
Decatur County|Georgia|27220
DeKalb County|Georgia|722161
Dodge County|Georgia|20976
Dooly County|Georgia|14188
Dougherty County|Georgia|92407
Douglas County|Georgia|138776
Early County|Georgia|10491
Echols County|Georgia|4003
Effingham County|Georgia|55423
Elbert County|Georgia|19438
Emanuel County|Georgia|22755
Evans County|Georgia|10898
Fannin County|Georgia|23753
Fayette County|Georgia|109664
Floyd County|Georgia|96063
Forsyth County|Georgia|204302
Franklin County|Georgia|22264
Fulton County|Georgia|996319
Gilmer County|Georgia|28829
Glascock County|Georgia|3053
Glynn County|Georgia|82175
Gordon County|Georgia|56047
Grady County|Georgia|25359
Greene County|Georgia|16490
Gwinnett County|Georgia|877922
Habersham County|Georgia|43752
Hall County|Georgia|190761
Hancock County|Georgia|8509
Haralson County|Georgia|28641
Harris County|Georgia|32876
Hart County|Georgia|25377
Heard County|Georgia|11603
Henry County|Georgia|213869
Houston County|Georgia|149111
Irwin County|Georgia|9104
Jackson County|Georgia|61870
Jasper County|Georgia|13432
Jeff Davis County|Georgia|14859
Jefferson County|Georgia|16272
Jenkins County|Georgia|9125
Johnson County|Georgia|9701
Jones County|Georgia|28787
Lamar County|Georgia|18207
Lanier County|Georgia|10373
Laurens County|Georgia|47851
Lee County|Georgia|29191
Liberty County|Georgia|65198
Lincoln County|Georgia|7622
Long County|Georgia|17113
Lowndes County|Georgia|113523
Lumpkin County|Georgia|31176
McDuffie County|Georgia|21370
McIntosh County|Georgia|14214
Macon County|Georgia|13792
Madison County|Georgia|28312
Marion County|Georgia|8797
Meriwether County|Georgia|21198
Miller County|Georgia|5958
Mitchell County|Georgia|22771
Monroe County|Georgia|27051
Montgomery County|Georgia|8991
Morgan County|Georgia|17956
Murray County|Georgia|39410
Muscogee County|Georgia|200887
Newton County|Georgia|103675
Oconee County|Georgia|35093
Oglethorpe County|Georgia|14673
Paulding County|Georgia|148987
Peach County|Georgia|26922
Pickens County|Georgia|29997
Pierce County|Georgia|18991
Pike County|Georgia|17784
Polk County|Georgia|41133
Pulaski County|Georgia|11483
Putnam County|Georgia|21192
Quitman County|Georgia|2315
Rabun County|Georgia|16243
Randolph County|Georgia|7313
Richmond County|Georgia|201368
Rockdale County|Georgia|87754
Schley County|Georgia|5163
Screven County|Georgia|14085
Seminole County|Georgia|8686
Spalding County|Georgia|63988
Stephens County|Georgia|25480
Stewart County|Georgia|5744
Sumter County|Georgia|31232
Talbot County|Georgia|6390
Taliaferro County|Georgia|1693
Tattnall County|Georgia|25224
Taylor County|Georgia|8442
Telfair County|Georgia|16518
Terrell County|Georgia|9132
Thomas County|Georgia|44959
Tift County|Georgia|40704
Toombs County|Georgia|27282
Towns County|Georgia|11098
Treutlen County|Georgia|6778
Troup County|Georgia|69469
Turner County|Georgia|8153
Twiggs County|Georgia|8320
Union County|Georgia|21984
Upson County|Georgia|26256
Walker County|Georgia|68218
Walton County|Georgia|87615
Ware County|Georgia|35515
Warren County|Georgia|5520
Washington County|Georgia|20635
Wayne County|Georgia|29949
Webster County|Georgia|2649
Wheeler County|Georgia|7995
White County|Georgia|27970
Whitfield County|Georgia|103542
Wilcox County|Georgia|8847
Wilkes County|Georgia|9940
Wilkinson County|Georgia|9326
Worth County|Georgia|20940
Hawaii County|Hawaii|194190
Honolulu County|Hawaii|991788
Kalawao County|Hawaii|89
Kauai County|Hawaii|70475
Maui County|Hawaii|163019
Ada County|Idaho|426236
Adams County|Idaho|3861
Bannock County|Idaho|83347
Bear Lake County|Idaho|5957
Benewah County|Idaho|9118
Bingham County|Idaho|45269
Blaine County|Idaho|21482
Boise County|Idaho|6824
Bonner County|Idaho|41585
Bonneville County|Idaho|108623
Boundary County|Idaho|10979
Butte County|Idaho|2622
Camas County|Idaho|1039
Canyon County|Idaho|203143
Caribou County|Idaho|6837
Cassia County|Idaho|23540
Clark County|Idaho|867
Clearwater County|Idaho|8562
Custer County|Idaho|4140
Elmore County|Idaho|26094
Franklin County|Idaho|13021
Fremont County|Idaho|12867
Gem County|Idaho|16866
Gooding County|Idaho|15064
Idaho County|Idaho|16215
Jefferson County|Idaho|27021
Jerome County|Idaho|22818
Kootenai County|Idaho|147326
Latah County|Idaho|38411
Lemhi County|Idaho|7726
Lewis County|Idaho|3838
Lincoln County|Idaho|5316
Madison County|Idaho|38038
Minidoka County|Idaho|20323
Nez Perce County|Idaho|40007
Oneida County|Idaho|4184
Owyhee County|Idaho|11353
Payette County|Idaho|22836
Power County|Idaho|7617
Shoshone County|Idaho|12390
Teton County|Idaho|10341
Twin Falls County|Idaho|80914
Valley County|Idaho|9826
Washington County|Idaho|10021
Adams County|Illinois|66988
Alexander County|Illinois|7492
Bond County|Illinois|17269
Boone County|Illinois|53869
Brown County|Illinois|6832
Bureau County|Illinois|33840
Calhoun County|Illinois|4956
Carroll County|Illinois|14715
Cass County|Illinois|13156
Champaign County|Illinois|207133
Christian County|Illinois|33892
Clark County|Illinois|16180
Clay County|Illinois|13520
Clinton County|Illinois|37857
Coles County|Illinois|53320
Cook County|Illinois|5246456
Crawford County|Illinois|19393
Cumberland County|Illinois|10833
DeKalb County|Illinois|105462
De Witt County|Illinois|16284
Douglas County|Illinois|19889
DuPage County|Illinois|932708
Edgar County|Illinois|17841
Edwards County|Illinois|6617
Effingham County|Illinois|34320
Fayette County|Illinois|21870
Ford County|Illinois|13688
Franklin County|Illinois|39411
Fulton County|Illinois|36007
Gallatin County|Illinois|5291
Greene County|Illinois|13434
Grundy County|Illinois|50425
Hamilton County|Illinois|8296
Hancock County|Illinois|18564
Hardin County|Illinois|4129
Henderson County|Illinois|6916
Henry County|Illinois|49635
Iroquois County|Illinois|28879
Jackson County|Illinois|59677
Jasper County|Illinois|9623
Jefferson County|Illinois|38534
Jersey County|Illinois|22571
Jo Daviess County|Illinois|22254
Johnson County|Illinois|12601
Kane County|Illinois|527306
Kankakee County|Illinois|111375
Kendall County|Illinois|121350
Knox County|Illinois|52069
Lake County|Illinois|705186
LaSalle County|Illinois|111241
Lawrence County|Illinois|16519
Lee County|Illinois|34735
Livingston County|Illinois|37903
Logan County|Illinois|29746
McDonough County|Illinois|31880
McHenry County|Illinois|307283
McLean County|Illinois|174061
Macon County|Illinois|108350
Macoupin County|Illinois|46453
Madison County|Illinois|266560
Marion County|Illinois|38571
Marshall County|Illinois|12014
Mason County|Illinois|13898
Massac County|Illinois|14905
Menard County|Illinois|12570
Mercer County|Illinois|15945
Monroe County|Illinois|33722
Montgomery County|Illinois|29359
Morgan County|Illinois|34929
Moultrie County|Illinois|14837
Ogle County|Illinois|52085
Peoria County|Illinois|187319
Perry County|Illinois|21672
Piatt County|Illinois|16431
Pike County|Illinois|16022
Pope County|Illinois|4276
Pulaski County|Illinois|5815
Putnam County|Illinois|5814
Randolph County|Illinois|32869
Richland County|Illinois|16061
Rock Island County|Illinois|146063
St. Clair County|Illinois|265729
Saline County|Illinois|24612
Sangamon County|Illinois|198997
Schuyler County|Illinois|7330
Scott County|Illinois|5204
Shelby County|Illinois|22048
Stark County|Illinois|5813
Stephenson County|Illinois|46435
Tazewell County|Illinois|135707
Union County|Illinois|17447
Vermilion County|Illinois|79728
Wabash County|Illinois|11549
Warren County|Illinois|17874
Washington County|Illinois|14337
Wayne County|Illinois|16543
White County|Illinois|14374
Whiteside County|Illinois|56876
Will County|Illinois|685419
Williamson County|Illinois|67008
Winnebago County|Illinois|288542
Woodford County|Illinois|39187
Adams County|Indiana|34791
Allen County|Indiana|365918
Bartholomew County|Indiana|80217
Benton County|Indiana|8700
Blackford County|Indiana|12401
Boone County|Indiana|61915
Brown County|Indiana|14962
Carroll County|Indiana|19923
Cass County|Indiana|38438
Clark County|Indiana|114262
Clay County|Indiana|26562
Clinton County|Indiana|32776
Crawford County|Indiana|10655
Daviess County|Indiana|32729
Dearborn County|Indiana|49506
Decatur County|Indiana|26524
DeKalb County|Indiana|42383
Delaware County|Indiana|117074
Dubois County|Indiana|42345
Elkhart County|Indiana|201971
Fayette County|Indiana|23468
Floyd County|Indiana|76179
Fountain County|Indiana|16658
Franklin County|Indiana|22934
Fulton County|Indiana|20500
Gibson County|Indiana|33759
Grant County|Indiana|68569
Greene County|Indiana|32726
Hamilton County|Indiana|302623
Hancock County|Indiana|71978
Harrison County|Indiana|39299
Hendricks County|Indiana|156056
Henry County|Indiana|48995
Howard County|Indiana|82982
Huntington County|Indiana|36706
Jackson County|Indiana|43705
Jasper County|Indiana|33475
Jay County|Indiana|21179
Jefferson County|Indiana|32494
Jennings County|Indiana|28000
Johnson County|Indiana|147538
Knox County|Indiana|37938
Kosciusko County|Indiana|78564
LaGrange County|Indiana|38436
Lake County|Indiana|490228
LaPorte County|Indiana|111444
Lawrence County|Indiana|45704
Madison County|Indiana|130069
Marion County|Indiana|934243
Marshall County|Indiana|47107
Martin County|Indiana|10203
Miami County|Indiana|35954
Monroe County|Indiana|143339
Montgomery County|Indiana|38146
Morgan County|Indiana|69693
Newton County|Indiana|14156
Noble County|Indiana|47618
Ohio County|Indiana|6035
Orange County|Indiana|19626
Owen County|Indiana|20969
Parke County|Indiana|17233
Perry County|Indiana|19454
Pike County|Indiana|12624
Porter County|Indiana|167076
Posey County|Indiana|25540
Pulaski County|Indiana|12967
Putnam County|Indiana|37618
Randolph County|Indiana|25384
Ripley County|Indiana|28497
Rush County|Indiana|16892
St. Joseph County|Indiana|267618
Scott County|Indiana|23712
Shelby County|Indiana|44579
Spencer County|Indiana|20801
Starke County|Indiana|23074
Steuben County|Indiana|34308
Sullivan County|Indiana|21050
Switzerland County|Indiana|10452
Tippecanoe County|Indiana|183074
Tipton County|Indiana|15415
Union County|Indiana|7246
Vanderburgh County|Indiana|182006
Vermillion County|Indiana|15693
Vigo County|Indiana|108175
Wabash County|Indiana|32252
Warren County|Indiana|8352
Warrick County|Indiana|61149
Washington County|Indiana|27878
Wayne County|Indiana|67671
Wells County|Indiana|27862
White County|Indiana|24453
Whitley County|Indiana|33403
Adair County|Iowa|7454
Adams County|Iowa|3875
Allamakee County|Iowa|14038
Appanoose County|Iowa|12661
Audubon County|Iowa|5794
Benton County|Iowa|25680
Black Hawk County|Iowa|132897
Boone County|Iowa|26433
Bremer County|Iowa|24721
Buchanan County|Iowa|21038
Buena Vista County|Iowa|20578
Butler County|Iowa|15006
Calhoun County|Iowa|9866
Carroll County|Iowa|20562
Cass County|Iowa|13448
Cedar County|Iowa|18411
Cerro Gordo County|Iowa|43254
Cherokee County|Iowa|11836
Chickasaw County|Iowa|12264
Clarke County|Iowa|9217
Clay County|Iowa|16515
Clayton County|Iowa|17692
Clinton County|Iowa|48051
Crawford County|Iowa|17228
Dallas County|Iowa|77400
Davis County|Iowa|8781
Decatur County|Iowa|8263
Delaware County|Iowa|17398
Des Moines County|Iowa|40255
Dickinson County|Iowa|16935
Dubuque County|Iowa|96370
Emmet County|Iowa|9990
Fayette County|Iowa|20343
Floyd County|Iowa|16077
Franklin County|Iowa|10436
Fremont County|Iowa|7022
Greene County|Iowa|9200
Grundy County|Iowa|12375
Guthrie County|Iowa|10722
Hamilton County|Iowa|15117
Hancock County|Iowa|11027
Hardin County|Iowa|17311
Harrison County|Iowa|14324
Henry County|Iowa|20217
Howard County|Iowa|9449
Humboldt County|Iowa|9640
Ida County|Iowa|7042
Iowa County|Iowa|16375
Jackson County|Iowa|19482
Jasper County|Iowa|36872
Jefferson County|Iowa|17325
Johnson County|Iowa|142287
Jones County|Iowa|20454
Keokuk County|Iowa|10231
Kossuth County|Iowa|15222
Lee County|Iowa|35286
Linn County|Iowa|217751
Louisa County|Iowa|11161
Lucas County|Iowa|8701
Lyon County|Iowa|11683
Madison County|Iowa|15609
Mahaska County|Iowa|22370
Marion County|Iowa|33365
Marshall County|Iowa|40866
Mills County|Iowa|14831
Mitchell County|Iowa|10779
Monona County|Iowa|8996
Monroe County|Iowa|8001
Montgomery County|Iowa|10421
Muscatine County|Iowa|42903
O'Brien County|Iowa|14056
Osceola County|Iowa|6218
Page County|Iowa|15496
Palo Alto County|Iowa|9099
Plymouth County|Iowa|24874
Pocahontas County|Iowa|7138
Polk County|Iowa|459862
Pottawattamie County|Iowa|93128
Poweshiek County|Iowa|18668
Ringgold County|Iowa|5051
Sac County|Iowa|10035
Scott County|Iowa|171387
Shelby County|Iowa|11948
Sioux County|Iowa|34681
Story County|Iowa|94073
Tama County|Iowa|17451
Taylor County|Iowa|6143
Union County|Iowa|12516
Van Buren County|Iowa|7468
Wapello County|Iowa|35212
Warren County|Iowa|47956
Washington County|Iowa|22070
Wayne County|Iowa|6395
Webster County|Iowa|36955
Winnebago County|Iowa|10559
Winneshiek County|Iowa|20768
Woodbury County|Iowa|102271
Worth County|Iowa|7624
Wright County|Iowa|12840
Allen County|Kansas|12909
Anderson County|Kansas|7883
Atchison County|Kansas|16513
Barber County|Kansas|4897
Barton County|Kansas|27385
Bourbon County|Kansas|14772
Brown County|Kansas|9815
Butler County|Kansas|66227
Chase County|Kansas|2692
Chautauqua County|Kansas|3481
Cherokee County|Kansas|20787
Cheyenne County|Kansas|2693
Clark County|Kansas|2144
Clay County|Kansas|8317
Cloud County|Kansas|9385
Coffey County|Kansas|8433
Comanche County|Kansas|1954
Cowley County|Kansas|35963
Crawford County|Kansas|39290
Decatur County|Kansas|2908
Dickinson County|Kansas|19394
Doniphan County|Kansas|7874
Douglas County|Kansas|116585
Edwards County|Kansas|3030
Elk County|Kansas|2694
Ellis County|Kansas|29013
Ellsworth County|Kansas|6392
Finney County|Kansas|37184
Ford County|Kansas|34795
Franklin County|Kansas|25611
Geary County|Kansas|36713
Gove County|Kansas|2727
Graham County|Kansas|2566
Grant County|Kansas|7816
Gray County|Kansas|6082
Greeley County|Kansas|1301
Greenwood County|Kansas|6328
Hamilton County|Kansas|2603
Harper County|Kansas|5818
Harvey County|Kansas|34820
Haskell County|Kansas|4106
Hodgeman County|Kansas|1916
Jackson County|Kansas|13539
Jefferson County|Kansas|18855
Jewell County|Kansas|3043
Johnson County|Kansas|574272
Kearny County|Kansas|3915
Kingman County|Kansas|7698
Kiowa County|Kansas|2513
Labette County|Kansas|20960
Lane County|Kansas|1687
Leavenworth County|Kansas|78797
Lincoln County|Kansas|3167
Linn County|Kansas|9502
Logan County|Kansas|2794
Lyon County|Kansas|33212
McPherson County|Kansas|29241
Marion County|Kansas|12208
Marshall County|Kansas|10006
Meade County|Kansas|4357
Miami County|Kansas|32822
Mitchell County|Kansas|6284
Montgomery County|Kansas|34065
Morris County|Kansas|5698
Morton County|Kansas|3110
Nemaha County|Kansas|10148
Neosho County|Kansas|16416
Ness County|Kansas|3105
Norton County|Kansas|5560
Osage County|Kansas|15936
Osborne County|Kansas|3756
Ottawa County|Kansas|6065
Pawnee County|Kansas|6916
Phillips County|Kansas|5533
Pottawatomie County|Kansas|22897
Pratt County|Kansas|9850
Rawlins County|Kansas|2584
Reno County|Kansas|63794
Republic County|Kansas|4803
Rice County|Kansas|10015
Riley County|Kansas|75194
Rooks County|Kansas|5155
Rush County|Kansas|3197
Russell County|Kansas|6956
Saline County|Kansas|55755
Scott County|Kansas|5080
Sedgwick County|Kansas|508803
Seward County|Kansas|23465
Shawnee County|Kansas|178406
Sheridan County|Kansas|2539
Sherman County|Kansas|6110
Smith County|Kansas|3769
Stafford County|Kansas|4297
Stanton County|Kansas|2111
Stevens County|Kansas|5801
Sumner County|Kansas|23528
Thomas County|Kansas|7891
Trego County|Kansas|2902
Wabaunsee County|Kansas|7022
Wallace County|Kansas|1506
Washington County|Kansas|5598
Wichita County|Kansas|2176
Wilson County|Kansas|9028
Woodson County|Kansas|3157
Wyandotte County|Kansas|161636
Adair County|Kentucky|19204
Allen County|Kentucky|20384
Anderson County|Kentucky|21888
Ballard County|Kentucky|8240
Barren County|Kentucky|43148
Bath County|Kentucky|12206
Bell County|Kentucky|27778
Boone County|Kentucky|126413
Bourbon County|Kentucky|19972
Boyd County|Kentucky|48832
Boyle County|Kentucky|29706
Bracken County|Kentucky|8406
Breathitt County|Kentucky|13409
Breckinridge County|Kentucky|19888
Bullitt County|Kentucky|77955
Butler County|Kentucky|12875
Caldwell County|Kentucky|12725
Calloway County|Kentucky|38282
Campbell County|Kentucky|91833
Carlisle County|Kentucky|4978
Carroll County|Kentucky|10815
Carter County|Kentucky|27223
Casey County|Kentucky|15891
Christian County|Kentucky|74250
Clark County|Kentucky|35758
Clay County|Kentucky|21147
Clinton County|Kentucky|10165
Crittenden County|Kentucky|9224
Cumberland County|Kentucky|6745
Daviess County|Kentucky|98275
Edmonson County|Kentucky|12013
Elliott County|Kentucky|7672
Estill County|Kentucky|14447
Fayette County|Kentucky|310797
Fleming County|Kentucky|14545
Floyd County|Kentucky|38108
Franklin County|Kentucky|49880
Fulton County|Kentucky|6265
Gallatin County|Kentucky|8589
Garrard County|Kentucky|16858
Grant County|Kentucky|24875
Graves County|Kentucky|37618
Grayson County|Kentucky|26194
Green County|Kentucky|11043
Greenup County|Kentucky|36308
Hancock County|Kentucky|8753
Hardin County|Kentucky|108266
Harlan County|Kentucky|28163
Harrison County|Kentucky|18592
Hart County|Kentucky|18597
Henderson County|Kentucky|46467
Henry County|Kentucky|15572
Hickman County|Kentucky|4734
Hopkins County|Kentucky|46376
Jackson County|Kentucky|13289
Jefferson County|Kentucky|760026
Jessamine County|Kentucky|50815
Johnson County|Kentucky|23262
Kenton County|Kentucky|163929
Knott County|Kentucky|15892
Knox County|Kentucky|31798
Larue County|Kentucky|14180
Laurel County|Kentucky|60015
Lawrence County|Kentucky|15804
Lee County|Kentucky|7594
Leslie County|Kentucky|10918
Letcher County|Kentucky|23359
Lewis County|Kentucky|13880
Lincoln County|Kentucky|24445
Livingston County|Kentucky|9359
Logan County|Kentucky|26867
Lyon County|Kentucky|8430
McCracken County|Kentucky|65316
McCreary County|Kentucky|17863
McLean County|Kentucky|9478
Madison County|Kentucky|87340
Magoffin County|Kentucky|12913
Marion County|Kentucky|20007
Marshall County|Kentucky|30953
Martin County|Kentucky|12537
Mason County|Kentucky|17166
Meade County|Kentucky|29139
Menifee County|Kentucky|6287
Mercer County|Kentucky|21319
Metcalfe County|Kentucky|9990
Monroe County|Kentucky|10704
Montgomery County|Kentucky|27474
Morgan County|Kentucky|13303
Muhlenberg County|Kentucky|31207
Nelson County|Kentucky|44812
Nicholas County|Kentucky|7041
Ohio County|Kentucky|23977
Oldham County|Kentucky|63490
Owen County|Kentucky|10645
Owsley County|Kentucky|4508
Pendleton County|Kentucky|14493
Perry County|Kentucky|27597
Pike County|Kentucky|63034
Powell County|Kentucky|12434
Pulaski County|Kentucky|63825
Robertson County|Kentucky|2197
Rockcastle County|Kentucky|16826
Rowan County|Kentucky|23655
Russell County|Kentucky|17774
Scott County|Kentucky|51284
Shelby County|Kentucky|44875
Simpson County|Kentucky|17826
Spencer County|Kentucky|17668
Taylor County|Kentucky|25257
Todd County|Kentucky|12520
Trigg County|Kentucky|14142
Trimble County|Kentucky|8786
Union County|Kentucky|15165
Warren County|Kentucky|120460
Washington County|Kentucky|11959
Wayne County|Kentucky|20486
Webster County|Kentucky|13236
Whitley County|Kentucky|35503
Wolfe County|Kentucky|7214
Woodford County|Kentucky|25563
Acadia Parish|Louisiana|62486
Allen Parish|Louisiana|25713
Ascension Parish|Louisiana|117029
Assumption Parish|Louisiana|23034
Avoyelles Parish|Louisiana|41145
Beauregard Parish|Louisiana|36198
Bienville Parish|Louisiana|13885
Bossier Parish|Louisiana|125064
Caddo Parish|Louisiana|252603
Calcasieu Parish|Louisiana|197204
Caldwell Parish|Louisiana|9894
Cameron Parish|Louisiana|6679
Catahoula Parish|Louisiana|10151
Claiborne Parish|Louisiana|16412
Concordia Parish|Louisiana|20466
De Soto Parish|Louisiana|27142
East Baton Rouge Parish|Louisiana|446042
East Carroll Parish|Louisiana|7487
East Feliciana Parish|Louisiana|19813
Evangeline Parish|Louisiana|33700
Franklin Parish|Louisiana|20441
Grant Parish|Louisiana|22384
Iberia Parish|Louisiana|73913
Iberville Parish|Louisiana|33327
Jackson Parish|Louisiana|15994
Jefferson Parish|Louisiana|435716
Jefferson Davis Parish|Louisiana|31477
Lafayette Parish|Louisiana|235644
Lafourche Parish|Louisiana|98020
LaSalle Parish|Louisiana|14839
Lincoln Parish|Louisiana|47617
Livingston Parish|Louisiana|135751
Madison Parish|Louisiana|11843
Morehouse Parish|Louisiana|26760
Natchitoches Parish|Louisiana|39166
Orleans Parish|Louisiana|384320
Ouachita Parish|Louisiana|156325
Plaquemines Parish|Louisiana|23447
Pointe Coupee Parish|Louisiana|22406
Rapides Parish|Louisiana|132488
Red River Parish|Louisiana|8669
Richland Parish|Louisiana|20740
Sabine Parish|Louisiana|24199
St. Bernard Parish|Louisiana|44409
St. Charles Parish|Louisiana|52745
St. Helena Parish|Louisiana|10619
St. James Parish|Louisiana|21638
St. John the Baptist Parish|Louisiana|43745
St. Landry Parish|Louisiana|83709
St. Martin Parish|Louisiana|53315
St. Mary Parish|Louisiana|53162
St. Tammany Parish|Louisiana|245829
Tangipahoa Parish|Louisiana|127049
Tensas Parish|Louisiana|4830
Terrebonne Parish|Louisiana|113328
Union Parish|Louisiana|22539
Vermilion Parish|Louisiana|59616
Vernon Parish|Louisiana|52132
Washington Parish|Louisiana|46286
Webster Parish|Louisiana|40333
West Baton Rouge Parish|Louisiana|25085
West Carroll Parish|Louisiana|11525
West Feliciana Parish|Louisiana|15406
Winn Parish|Louisiana|14743
Androscoggin County|Maine|107440
Aroostook County|Maine|69447
Cumberland County|Maine|287797
Franklin County|Maine|30296
Hancock County|Maine|54696
Kennebec County|Maine|121112
Knox County|Maine|39676
Lincoln County|Maine|34170
Oxford County|Maine|57238
Penobscot County|Maine|153414
Piscataquis County|Maine|17026
Sagadahoc County|Maine|35045
Somerset County|Maine|51163
Waldo County|Maine|39051
Washington County|Maine|31808
York County|Maine|200710
Allegany County|Maryland|72952
Anne Arundel County|Maryland|560133
Baltimore County|Maryland|826925
Calvert County|Maryland|90613
Caroline County|Maryland|32538
Carroll County|Maryland|167830
Cecil County|Maryland|102383
Charles County|Maryland|154747
Dorchester County|Maryland|32578
Frederick County|Maryland|243675
Garrett County|Maryland|29679
Harford County|Maryland|250105
Howard County|Maryland|309284
Kent County|Maryland|19820
Montgomery County|Maryland|1030447
Prince George's County|Maryland|904430
Queen Anne's County|Maryland|48804
St. Mary's County|Maryland|110382
Somerset County|Maryland|25859
Talbot County|Maryland|37643
Washington County|Maryland|149573
Wicomico County|Maryland|101539
Worcester County|Maryland|51675
Baltimore city|Maryland|622793
Barnstable County|Massachusetts|214914
Berkshire County|Massachusetts|128715
Bristol County|Massachusetts|554194
Dukes County|Massachusetts|17356
Essex County|Massachusetts|769091
Franklin County|Massachusetts|70862
Hampden County|Massachusetts|468161
Hampshire County|Massachusetts|160939
Middlesex County|Massachusetts|1570315
Nantucket County|Massachusetts|10856
Norfolk County|Massachusetts|692254
Plymouth County|Massachusetts|507022
Suffolk County|Massachusetts|767254
Worcester County|Massachusetts|813475
Alcona County|Michigan|10454
Alger County|Michigan|9459
Allegan County|Michigan|113847
Alpena County|Michigan|28988
Antrim County|Michigan|23267
Arenac County|Michigan|15353
Baraga County|Michigan|8654
Barry County|Michigan|59281
Bay County|Michigan|106179
Benzie County|Michigan|17519
Berrien County|Michigan|155233
Branch County|Michigan|43545
Calhoun County|Michigan|134878
Cass County|Michigan|51608
Charlevoix County|Michigan|26121
Cheboygan County|Michigan|25675
Chippewa County|Michigan|38321
Clare County|Michigan|30652
Clinton County|Michigan|77297
Crawford County|Michigan|13745
Delta County|Michigan|36559
Dickinson County|Michigan|25957
Eaton County|Michigan|108579
Emmet County|Michigan|33204
Genesee County|Michigan|412895
Gladwin County|Michigan|25411
Gogebic County|Michigan|15737
Grand Traverse County|Michigan|90782
Gratiot County|Michigan|41665
Hillsdale County|Michigan|45830
Houghton County|Michigan|36495
Huron County|Michigan|32065
Ingham County|Michigan|284582
Ionia County|Michigan|64294
Iosco County|Michigan|25420
Iron County|Michigan|11387
Isabella County|Michigan|70616
Jackson County|Michigan|159741
Kalamazoo County|Michigan|258818
Kalkaska County|Michigan|17394
Kent County|Michigan|629237
Keweenaw County|Michigan|2217
Lake County|Michigan|11341
Lapeer County|Michigan|88153
Leelanau County|Michigan|21915
Lenawee County|Michigan|99047
Livingston County|Michigan|185596
Luce County|Michigan|6426
Mackinac County|Michigan|11042
Macomb County|Michigan|860112
Manistee County|Michigan|24420
Marquette County|Michigan|67676
Mason County|Michigan|28824
Mecosta County|Michigan|43186
Menominee County|Michigan|23714
Midland County|Michigan|83427
Missaukee County|Michigan|15037
Monroe County|Michigan|149824
Montcalm County|Michigan|62893
Montmorency County|Michigan|9300
Muskegon County|Michigan|172344
Newaygo County|Michigan|47900
Oakland County|Michigan|1237868
Oceana County|Michigan|26221
Ogemaw County|Michigan|21039
Ontonagon County|Michigan|6172
Osceola County|Michigan|23169
Oscoda County|Michigan|8371
Otsego County|Michigan|24158
Ottawa County|Michigan|276292
Presque Isle County|Michigan|13004
Roscommon County|Michigan|23955
Saginaw County|Michigan|195012
St. Clair County|Michigan|160078
St. Joseph County|Michigan|60946
Sanilac County|Michigan|41587
Schoolcraft County|Michigan|8171
Shiawassee County|Michigan|68933
Tuscola County|Michigan|54000
Van Buren County|Michigan|75199
Washtenaw County|Michigan|356874
Wayne County|Michigan|1764804
Wexford County|Michigan|32886
Aitkin County|Minnesota|15771
Anoka County|Minnesota|341864
Becker County|Minnesota|33259
Beltrami County|Minnesota|45664
Benton County|Minnesota|39506
Big Stone County|Minnesota|5127
Blue Earth County|Minnesota|65385
Brown County|Minnesota|25292
Carlton County|Minnesota|35571
Carver County|Minnesota|97338
Cass County|Minnesota|28559
Chippewa County|Minnesota|12110
Chisago County|Minnesota|54025
Clay County|Minnesota|61286
Clearwater County|Minnesota|8791
Cook County|Minnesota|5233
Cottonwood County|Minnesota|11633
Crow Wing County|Minnesota|63265
Dakota County|Minnesota|412529
Dodge County|Minnesota|20353
Douglas County|Minnesota|36790
Faribault County|Minnesota|14192
Fillmore County|Minnesota|20776
Freeborn County|Minnesota|30840
Goodhue County|Minnesota|46423
Grant County|Minnesota|5956
Hennepin County|Minnesota|1212064
Houston County|Minnesota|18738
Hubbard County|Minnesota|20573
Isanti County|Minnesota|38413
Itasca County|Minnesota|45589
Jackson County|Minnesota|10269
Kanabec County|Minnesota|15930
Kandiyohi County|Minnesota|42285
Kittson County|Minnesota|4435
Koochiching County|Minnesota|12856
Lac qui Parle County|Minnesota|6891
Lake County|Minnesota|10680
Lake of the Woods County|Minnesota|3918
Le Sueur County|Minnesota|27770
Lincoln County|Minnesota|5788
Lyon County|Minnesota|25665
McLeod County|Minnesota|35882
Mahnomen County|Minnesota|5505
Marshall County|Minnesota|9417
Martin County|Minnesota|20220
Meeker County|Minnesota|23107
Mille Lacs County|Minnesota|25884
Morrison County|Minnesota|32810
Mower County|Minnesota|39323
Murray County|Minnesota|8470
Nicollet County|Minnesota|33093
Nobles County|Minnesota|21590
Norman County|Minnesota|6639
Olmsted County|Minnesota|150287
Otter Tail County|Minnesota|57635
Pennington County|Minnesota|14058
Pine County|Minnesota|29095
Pipestone County|Minnesota|9281
Polk County|Minnesota|31704
Pope County|Minnesota|10984
Ramsey County|Minnesota|532655
Red Lake County|Minnesota|4043
Redwood County|Minnesota|15515
Renville County|Minnesota|15025
Rice County|Minnesota|65151
Rock County|Minnesota|9553
Roseau County|Minnesota|15679
St. Louis County|Minnesota|200949
Scott County|Minnesota|139672
Sherburne County|Minnesota|91126
Sibley County|Minnesota|14918
Stearns County|Minnesota|152912
Steele County|Minnesota|36573
Stevens County|Minnesota|9800
Swift County|Minnesota|9436
Todd County|Minnesota|24264
Traverse County|Minnesota|3387
Wabasha County|Minnesota|21362
Wadena County|Minnesota|13757
Waseca County|Minnesota|19025
Washington County|Minnesota|249283
Watonwan County|Minnesota|11083
Wilkin County|Minnesota|6495
Winona County|Minnesota|51097
Wright County|Minnesota|129918
Yellow Medicine County|Minnesota|10109
Adams County|Mississippi|31737
Alcorn County|Mississippi|37380
Amite County|Mississippi|12629
Attala County|Mississippi|19163
Benton County|Mississippi|8296
Bolivar County|Mississippi|33768
Calhoun County|Mississippi|14745
Carroll County|Mississippi|10254
Chickasaw County|Mississippi|17313
Choctaw County|Mississippi|8294
Claiborne County|Mississippi|9080
Clarke County|Mississippi|16299
Clay County|Mississippi|20225
Coahoma County|Mississippi|24807
Copiah County|Mississippi|28797
Covington County|Mississippi|19442
DeSoto County|Mississippi|170913
Forrest County|Mississippi|76330
Franklin County|Mississippi|7833
George County|Mississippi|23303
Greene County|Mississippi|14326
Grenada County|Mississippi|21666
Hancock County|Mississippi|45949
Harrison County|Mississippi|199058
Hinds County|Mississippi|243729
Holmes County|Mississippi|18459
Humphreys County|Mississippi|8741
Issaquena County|Mississippi|1397
Itawamba County|Mississippi|23527
Jackson County|Mississippi|141137
Jasper County|Mississippi|16601
Jefferson County|Mississippi|7599
Jefferson Davis County|Mississippi|11822
Jones County|Mississippi|68290
Kemper County|Mississippi|10163
Lafayette County|Mississippi|52930
Lamar County|Mississippi|60099
Lauderdale County|Mississippi|79739
Lawrence County|Mississippi|12502
Leake County|Mississippi|23193
Lee County|Mississippi|85246
Leflore County|Mississippi|31422
Lincoln County|Mississippi|34775
Lowndes County|Mississippi|59730
Madison County|Mississippi|101688
Marion County|Mississippi|25868
Marshall County|Mississippi|36234
Monroe County|Mississippi|36003
Montgomery County|Mississippi|10400
Neshoba County|Mississippi|29465
Newton County|Mississippi|21832
Noxubee County|Mississippi|11115
Oktibbeha County|Mississippi|49414
Panola County|Mississippi|34444
Pearl River County|Mississippi|55224
Perry County|Mississippi|12227
Pike County|Mississippi|40058
Pontotoc County|Mississippi|30950
Prentiss County|Mississippi|25428
Quitman County|Mississippi|7678
Rankin County|Mississippi|148070
Scott County|Mississippi|28461
Sharkey County|Mississippi|4647
Simpson County|Mississippi|27463
Smith County|Mississippi|16188
Stone County|Mississippi|17875
Sunflower County|Mississippi|27496
Tallahatchie County|Mississippi|14761
Tate County|Mississippi|28204
Tippah County|Mississippi|22039
Tishomingo County|Mississippi|19420
Tunica County|Mississippi|10598
Union County|Mississippi|28097
Walthall County|Mississippi|14859
Warren County|Mississippi|47983
Washington County|Mississippi|48958
Wayne County|Mississippi|20490
Webster County|Mississippi|9972
Wilkinson County|Mississippi|9191
Winston County|Mississippi|18478
Yalobusha County|Mississippi|12276
Yazoo County|Mississippi|27817
Adair County|Missouri|25602
Andrew County|Missouri|17379
Atchison County|Missouri|5382
Audrain County|Missouri|25887
Barry County|Missouri|35662
Barton County|Missouri|12057
Bates County|Missouri|16584
Benton County|Missouri|18806
Bollinger County|Missouri|12394
Boone County|Missouri|172717
Buchanan County|Missouri|89486
Butler County|Missouri|42972
Caldwell County|Missouri|9034
Callaway County|Missouri|44750
Camden County|Missouri|44021
Cape Girardeau County|Missouri|78043
Carroll County|Missouri|9043
Carter County|Missouri|6258
Cass County|Missouri|100889
Cedar County|Missouri|13952
Chariton County|Missouri|7694
Christian County|Missouri|82101
Clark County|Missouri|6917
Clay County|Missouri|233682
Clinton County|Missouri|20299
Cole County|Missouri|76557
Cooper County|Missouri|17585
Crawford County|Missouri|24650
Dade County|Missouri|7628
Dallas County|Missouri|16389
Daviess County|Missouri|8297
DeKalb County|Missouri|12692
Dent County|Missouri|15655
Douglas County|Missouri|13546
Dunklin County|Missouri|31344
Franklin County|Missouri|102084
Gasconade County|Missouri|14866
Gentry County|Missouri|6826
Greene County|Missouri|285865
Grundy County|Missouri|10197
Harrison County|Missouri|8639
Henry County|Missouri|22028
Hickory County|Missouri|9219
Holt County|Missouri|4516
Howard County|Missouri|10159
Howell County|Missouri|40173
Iron County|Missouri|10267
Jackson County|Missouri|683191
Jasper County|Missouri|117543
Jefferson County|Missouri|222716
Johnson County|Missouri|54362
Knox County|Missouri|4000
Laclede County|Missouri|35439
Lafayette County|Missouri|32688
Lawrence County|Missouri|38023
Lewis County|Missouri|10138
Lincoln County|Missouri|54249
Linn County|Missouri|12311
Livingston County|Missouri|15053
McDonald County|Missouri|22800
Macon County|Missouri|15479
Madison County|Missouri|12368
Maries County|Missouri|9013
Marion County|Missouri|28920
Mercer County|Missouri|3719
Miller County|Missouri|25141
Mississippi County|Missouri|14232
Moniteau County|Missouri|15856
Monroe County|Missouri|8707
Montgomery County|Missouri|11841
Morgan County|Missouri|20240
New Madrid County|Missouri|18272
Newton County|Missouri|58598
Nodaway County|Missouri|23081
Oregon County|Missouri|10911
Osage County|Missouri|13703
Ozark County|Missouri|9492
Pemiscot County|Missouri|17650
Perry County|Missouri|19202
Pettis County|Missouri|42225
Phelps County|Missouri|44847
Pike County|Missouri|18541
Platte County|Missouri|94788
Polk County|Missouri|31054
Pulaski County|Missouri|53436
Putnam County|Missouri|4829
Ralls County|Missouri|10255
Randolph County|Missouri|25072
Ray County|Missouri|22949
Reynolds County|Missouri|6565
Ripley County|Missouri|13969
St. Charles County|Missouri|379493
St. Clair County|Missouri|9457
Ste. Genevieve County|Missouri|17914
St. Francois County|Missouri|65960
St. Louis County|Missouri|1001876
Saline County|Missouri|23347
Schuyler County|Missouri|4370
Scotland County|Missouri|4863
Scott County|Missouri|38903
Shannon County|Missouri|8329
Shelby County|Missouri|6108
Stoddard County|Missouri|29867
Stone County|Missouri|31104
Sullivan County|Missouri|6411
Taney County|Missouri|54230
Texas County|Missouri|25642
Vernon County|Missouri|21001
Warren County|Missouri|33253
Washington County|Missouri|25077
Wayne County|Missouri|13452
Webster County|Missouri|36888
Worth County|Missouri|2073
Wright County|Missouri|18291
St. Louis city|Missouri|317419
Beaverhead County|Montana|9345
Big Horn County|Montana|13282
Blaine County|Montana|6619
Broadwater County|Montana|5667
Carbon County|Montana|10399
Carter County|Montana|1169
Cascade County|Montana|82344
Chouteau County|Montana|5894
Custer County|Montana|12092
Daniels County|Montana|1793
Dawson County|Montana|9518
Deer Lodge County|Montana|9150
Fallon County|Montana|3108
Fergus County|Montana|11442
Flathead County|Montana|94924
Gallatin County|Montana|97308
Garfield County|Montana|1309
Glacier County|Montana|13696
Golden Valley County|Montana|852
Granite County|Montana|3209
Hill County|Montana|16596
Jefferson County|Montana|11558
Judith Basin County|Montana|1991
Lake County|Montana|29099
Lewis and Clark County|Montana|65856
Liberty County|Montana|2359
Lincoln County|Montana|19125
McCone County|Montana|1694
Madison County|Montana|7820
Meagher County|Montana|1853
Mineral County|Montana|4257
Missoula County|Montana|112684
Musselshell County|Montana|4589
Park County|Montana|15880
Petroleum County|Montana|485
Phillips County|Montana|4192
Pondera County|Montana|6219
Powder River County|Montana|1783
Powell County|Montana|6909
Prairie County|Montana|1148
Ravalli County|Montana|41030
Richland County|Montana|11576
Roosevelt County|Montana|11332
Rosebud County|Montana|9326
Sanders County|Montana|11364
Sheridan County|Montana|3696
Silver Bow County|Montana|34680
Stillwater County|Montana|9290
Sweet Grass County|Montana|3665
Teton County|Montana|6064
Toole County|Montana|5150
Treasure County|Montana|692
Valley County|Montana|7640
Wheatland County|Montana|2102
Wibaux County|Montana|1121
Yellowstone County|Montana|155634
Adams County|Nebraska|31457
Antelope County|Nebraska|6398
Arthur County|Nebraska|453
Banner County|Nebraska|764
Blaine County|Nebraska|504
Boone County|Nebraska|5353
Box Butte County|Nebraska|11340
Boyd County|Nebraska|2033
Brown County|Nebraska|2941
Buffalo County|Nebraska|48224
Burt County|Nebraska|6573
Butler County|Nebraska|8249
Cass County|Nebraska|25524
Cedar County|Nebraska|8610
Chase County|Nebraska|3978
Cherry County|Nebraska|5762
Cheyenne County|Nebraska|10148
Clay County|Nebraska|6315
Colfax County|Nebraska|10504
Cuming County|Nebraska|9027
Custer County|Nebraska|10728
Dakota County|Nebraska|20850
Dawes County|Nebraska|9042
Dawson County|Nebraska|24096
Deuel County|Nebraska|1940
Dixon County|Nebraska|5782
Dodge County|Nebraska|36744
Douglas County|Nebraska|543244
Dundy County|Nebraska|1886
Fillmore County|Nebraska|5661
Franklin County|Nebraska|3076
Frontier County|Nebraska|2705
Furnas County|Nebraska|4888
Gage County|Nebraska|21663
Garden County|Nebraska|1911
Garfield County|Nebraska|2003
Gosper County|Nebraska|1970
Grant County|Nebraska|619
Greeley County|Nebraska|2482
Hall County|Nebraska|61492
Hamilton County|Nebraska|9135
Harlan County|Nebraska|3492
Hayes County|Nebraska|933
Hitchcock County|Nebraska|2901
Holt County|Nebraska|10403
Hooker County|Nebraska|728
Howard County|Nebraska|6362
Jefferson County|Nebraska|7335
Johnson County|Nebraska|5185
Kearney County|Nebraska|6644
Keith County|Nebraska|8121
Keya Paha County|Nebraska|810
Kimball County|Nebraska|3713
Knox County|Nebraska|8482
Lancaster County|Nebraska|301795
Lincoln County|Nebraska|35815
Logan County|Nebraska|750
Loup County|Nebraska|588
McPherson County|Nebraska|498
Madison County|Nebraska|35174
Merrick County|Nebraska|7766
Morrill County|Nebraska|4862
Nance County|Nebraska|3570
Nemaha County|Nebraska|7175
Nuckolls County|Nebraska|4369
Otoe County|Nebraska|15797
Pawnee County|Nebraska|2702
Perkins County|Nebraska|2891
Phelps County|Nebraska|9187
Pierce County|Nebraska|7202
Platte County|Nebraska|32666
Polk County|Nebraska|5271
Red Willow County|Nebraska|10867
Richardson County|Nebraska|8128
Rock County|Nebraska|1443
Saline County|Nebraska|14252
Sarpy County|Nebraska|172193
Saunders County|Nebraska|20919
Scotts Bluff County|Nebraska|36465
Seward County|Nebraska|17150
Sheridan County|Nebraska|5259
Sherman County|Nebraska|3074
Sioux County|Nebraska|1303
Stanton County|Nebraska|6069
Thayer County|Nebraska|5230
Thomas County|Nebraska|687
Thurston County|Nebraska|6969
Valley County|Nebraska|4204
Washington County|Nebraska|20258
Wayne County|Nebraska|9431
Webster County|Nebraska|3658
Wheeler County|Nebraska|766
York County|Nebraska|13917
Churchill County|Nevada|23989
Clark County|Nevada|2069681
Douglas County|Nevada|47536
Elko County|Nevada|52766
Esmeralda County|Nevada|822
Eureka County|Nevada|2018
Humboldt County|Nevada|17279
Lander County|Nevada|6009
Lincoln County|Nevada|5184
Lyon County|Nevada|51789
Mineral County|Nevada|4500
Nye County|Nevada|42282
Pershing County|Nevada|6698
Storey County|Nevada|3912
Washoe County|Nevada|440078
White Pine County|Nevada|10034
Carson City|Nevada|54522
Belknap County|New Hampshire|60305
Carroll County|New Hampshire|47399
Cheshire County|New Hampshire|76115
Coos County|New Hampshire|31653
Grafton County|New Hampshire|89658
Hillsborough County|New Hampshire|405184
Merrimack County|New Hampshire|147171
Rockingham County|New Hampshire|300621
Strafford County|New Hampshire|125604
Sullivan County|New Hampshire|43103
Atlantic County|New Jersey|275209
Bergen County|New Jersey|933572
Burlington County|New Jersey|449722
Camden County|New Jersey|511038
Cape May County|New Jersey|95344
Cumberland County|New Jersey|157389
Essex County|New Jersey|795723
Gloucester County|New Jersey|290951
Hudson County|New Jersey|669115
Hunterdon County|New Jersey|126067
Mercer County|New Jersey|371537
Middlesex County|New Jersey|836297
Monmouth County|New Jersey|629279
Morris County|New Jersey|499727
Ocean County|New Jersey|586301
Passaic County|New Jersey|508856
Salem County|New Jersey|64715
Somerset County|New Jersey|332568
Sussex County|New Jersey|144909
Union County|New Jersey|552939
Warren County|New Jersey|106917
Bernalillo County|New Mexico|675551
Catron County|New Mexico|3556
Chaves County|New Mexico|65878
Cibola County|New Mexico|27349
Colfax County|New Mexico|12680
Curry County|New Mexico|50969
De Baca County|New Mexico|1825
Doa Ana County|New Mexico|213676
Eddy County|New Mexico|56395
Grant County|New Mexico|29096
Guadalupe County|New Mexico|4468
Harding County|New Mexico|683
Hidalgo County|New Mexico|4560
Lea County|New Mexico|69999
Lincoln County|New Mexico|19706
Los Alamos County|New Mexico|17682
Luna County|New Mexico|24673
McKinley County|New Mexico|74098
Mora County|New Mexico|4592
Otero County|New Mexico|65082
Quay County|New Mexico|8501
Rio Arriba County|New Mexico|39777
Roosevelt County|New Mexico|19536
Sandoval County|New Mexico|137608
San Juan County|New Mexico|123785
San Miguel County|New Mexico|28239
Santa Fe County|New Mexico|148164
Sierra County|New Mexico|11325
Socorro County|New Mexico|17310
Taos County|New Mexico|33084
Torrance County|New Mexico|15611
Union County|New Mexico|4297
Valencia County|New Mexico|75817
Albany County|New York|308171
Allegany County|New York|47736
Bronx County|New York|1438159
Broome County|New York|197349
Cattaraugus County|New York|78600
Cayuga County|New York|78823
Chautauqua County|New York|132053
Chemung County|New York|87770
Chenango County|New York|49426
Clinton County|New York|81632
Columbia County|New York|62122
Cortland County|New York|49024
Delaware County|New York|46581
Dutchess County|New York|296579
Erie County|New York|922835
Essex County|New York|38679
Franklin County|New York|51262
Fulton County|New York|54105
Genesee County|New York|59162
Greene County|New York|47967
Hamilton County|New York|4715
Herkimer County|New York|63744
Jefferson County|New York|119103
Kings County|New York|2621793
Lewis County|New York|27220
Livingston County|New York|64586
Madison County|New York|72369
Monroe County|New York|749857
Montgomery County|New York|49779
Nassau County|New York|1358627
New York County|New York|1636268
Niagara County|New York|213525
Oneida County|New York|232871
Onondaga County|New York|468196
Ontario County|New York|109707
Orange County|New York|376099
Orleans County|New York|41984
Oswego County|New York|120913
Otsego County|New York|61128
Putnam County|New York|99487
Queens County|New York|2321580
Rensselaer County|New York|159774
Richmond County|New York|473279
Rockland County|New York|323866
St. Lawrence County|New York|111400
Saratoga County|New York|224921
Schenectady County|New York|155735
Schoharie County|New York|31566
Schuyler County|New York|18479
Seneca County|New York|34884
Steuben County|New York|98394
Suffolk County|New York|1502968
Sullivan County|New York|75943
Tioga County|New York|49870
Tompkins County|New York|104691
Ulster County|New York|180445
Warren County|New York|64973
Washington County|New York|62372
Wayne County|New York|92051
Westchester County|New York|972634
Wyoming County|New York|41188
Yates County|New York|25208
Alamance County|North Carolina|155792
Alexander County|North Carolina|37392
Alleghany County|North Carolina|10879
Anson County|North Carolina|25765
Ashe County|North Carolina|27126
Avery County|North Carolina|17773
Beaufort County|North Carolina|47585
Bertie County|North Carolina|20106
Bladen County|North Carolina|34657
Brunswick County|North Carolina|118836
Buncombe County|North Carolina|250539
Burke County|North Carolina|89486
Cabarrus County|North Carolina|192103
Caldwell County|North Carolina|81484
Camden County|North Carolina|10331
Carteret County|North Carolina|68811
Caswell County|North Carolina|23082
Catawba County|North Carolina|154534
Chatham County|North Carolina|68698
Cherokee County|North Carolina|27141
Chowan County|North Carolina|14572
Clay County|North Carolina|10581
Cleveland County|North Carolina|97076
Columbus County|North Carolina|56953
Craven County|North Carolina|104510
Cumberland County|North Carolina|326328
Currituck County|North Carolina|24976
Dare County|North Carolina|35104
Davidson County|North Carolina|164072
Davie County|North Carolina|41434
Duplin County|North Carolina|59882
Durham County|North Carolina|294460
Edgecombe County|North Carolina|54933
Forsyth County|North Carolina|365298
Franklin County|North Carolina|62860
Gaston County|North Carolina|211127
Gates County|North Carolina|11567
Graham County|North Carolina|8644
Granville County|North Carolina|58500
Greene County|North Carolina|21093
Guilford County|North Carolina|512119
Halifax County|North Carolina|52970
Harnett County|North Carolina|126666
Haywood County|North Carolina|59471
Henderson County|North Carolina|111149
Hertford County|North Carolina|24308
Hoke County|North Carolina|51611
Hyde County|North Carolina|5676
Iredell County|North Carolina|166675
Jackson County|North Carolina|40981
Johnston County|North Carolina|181423
Jones County|North Carolina|10076
Lee County|North Carolina|59662
Lenoir County|North Carolina|58485
Lincoln County|North Carolina|79829
McDowell County|North Carolina|44965
Macon County|North Carolina|33875
Madison County|North Carolina|21157
Martin County|North Carolina|23454
Mecklenburg County|North Carolina|1012539
Mitchell County|North Carolina|15311
Montgomery County|North Carolina|27395
Moore County|North Carolina|93077
Nash County|North Carolina|94357
New Hanover County|North Carolina|216298
Northampton County|North Carolina|20463
Onslow County|North Carolina|187589
Orange County|North Carolina|140420
Pamlico County|North Carolina|12948
Pasquotank County|North Carolina|39787
Pender County|North Carolina|56250
Perquimans County|North Carolina|13466
Person County|North Carolina|39132
Pitt County|North Carolina|175354
Polk County|North Carolina|20357
Randolph County|North Carolina|142778
Richmond County|North Carolina|45733
Robeson County|North Carolina|134760
Rockingham County|North Carolina|91696
Rowan County|North Carolina|138630
Rutherford County|North Carolina|66600
Sampson County|North Carolina|64050
Scotland County|North Carolina|35576
Stanly County|North Carolina|60600
Stokes County|North Carolina|46419
Surry County|North Carolina|72968
Swain County|North Carolina|14274
Transylvania County|North Carolina|33045
Tyrrell County|North Carolina|4115
Union County|North Carolina|218568
Vance County|North Carolina|44614
Wake County|North Carolina|998691
Warren County|North Carolina|20231
Washington County|North Carolina|12570
Watauga County|North Carolina|52560
Wayne County|North Carolina|124456
Wilkes County|North Carolina|68838
Wilson County|North Carolina|81401
Yadkin County|North Carolina|37792
Yancey County|North Carolina|17614
Adams County|North Dakota|2384
Barnes County|North Dakota|11144
Benson County|North Dakota|6833
Billings County|North Dakota|901
Bottineau County|North Dakota|6650
Bowman County|North Dakota|3247
Burke County|North Dakota|2245
Burleigh County|North Dakota|90503
Cass County|North Dakota|167005
Cavalier County|North Dakota|3855
Dickey County|North Dakota|5150
Divide County|North Dakota|2432
Dunn County|North Dakota|4399
Eddy County|North Dakota|2377
Emmons County|North Dakota|3422
Foster County|North Dakota|3362
Golden Valley County|North Dakota|1825
Grand Forks County|North Dakota|70138
Grant County|North Dakota|2361
Griggs County|North Dakota|2319
Hettinger County|North Dakota|2660
Kidder County|North Dakota|2424
LaMoure County|North Dakota|4149
Logan County|North Dakota|1944
McHenry County|North Dakota|5988
McIntosh County|North Dakota|2801
McKenzie County|North Dakota|10996
McLean County|North Dakota|9578
Mercer County|North Dakota|8746
Morton County|North Dakota|29822
Mountrail County|North Dakota|9782
Nelson County|North Dakota|3045
Oliver County|North Dakota|1850
Pembina County|North Dakota|7128
Pierce County|North Dakota|4404
Ramsey County|North Dakota|11564
Ransom County|North Dakota|5446
Renville County|North Dakota|2587
Richland County|North Dakota|16432
Rolette County|North Dakota|14616
Sargent County|North Dakota|3931
Sheridan County|North Dakota|1326
Sioux County|North Dakota|4422
Slope County|North Dakota|765
Stark County|North Dakota|30372
Steele County|North Dakota|1955
Stutsman County|North Dakota|21129
Towner County|North Dakota|2310
Traill County|North Dakota|8082
Walsh County|North Dakota|10970
Ward County|North Dakota|69384
Wells County|North Dakota|4192
Williams County|North Dakota|32130
Adams County|Ohio|28129
Allen County|Ohio|105040
Ashland County|Ohio|53035
Ashtabula County|Ohio|99175
Athens County|Ohio|64713
Auglaize County|Ohio|45841
Belmont County|Ohio|69461
Brown County|Ohio|44116
Butler County|Ohio|374158
Carroll County|Ohio|28187
Champaign County|Ohio|39128
Clark County|Ohio|136554
Clermont County|Ohio|201560
Clinton County|Ohio|41835
Columbiana County|Ohio|105686
Coshocton County|Ohio|36516
Crawford County|Ohio|42480
Cuyahoga County|Ohio|1259828
Darke County|Ohio|52196
Defiance County|Ohio|38510
Delaware County|Ohio|189113
Erie County|Ohio|75828
Fairfield County|Ohio|150381
Fayette County|Ohio|28800
Franklin County|Ohio|1231393
Fulton County|Ohio|42580
Gallia County|Ohio|30397
Geauga County|Ohio|94295
Greene County|Ohio|163820
Guernsey County|Ohio|39590
Hamilton County|Ohio|806631
Hancock County|Ohio|75337
Hardin County|Ohio|31796
Harrison County|Ohio|15543
Henry County|Ohio|27937
Highland County|Ohio|43045
Hocking County|Ohio|28725
Holmes County|Ohio|43898
Huron County|Ohio|58714
Jackson County|Ohio|32748
Jefferson County|Ohio|67694
Knox County|Ohio|61167
Lake County|Ohio|229230
Lawrence County|Ohio|61623
Licking County|Ohio|169390
Logan County|Ohio|45507
Lorain County|Ohio|304216
Lucas County|Ohio|435286
Madison County|Ohio|43918
Mahoning County|Ohio|233204
Marion County|Ohio|65720
Medina County|Ohio|176029
Meigs County|Ohio|23331
Mercer County|Ohio|40831
Miami County|Ohio|103900
Monroe County|Ohio|14465
Montgomery County|Ohio|533116
Morgan County|Ohio|14843
Morrow County|Ohio|35152
Muskingum County|Ohio|85818
Noble County|Ohio|14363
Ottawa County|Ohio|41154
Paulding County|Ohio|18989
Perry County|Ohio|35812
Pickaway County|Ohio|56876
Pike County|Ohio|28256
Portage County|Ohio|161882
Preble County|Ohio|41586
Putnam County|Ohio|34171
Richland County|Ohio|121942
Ross County|Ohio|77159
Sandusky County|Ohio|60179
Scioto County|Ohio|77258
Seneca County|Ohio|55669
Shelby County|Ohio|48951
Stark County|Ohio|375736
Summit County|Ohio|541943
Trumbull County|Ohio|205175
Tuscarawas County|Ohio|92788
Union County|Ohio|53776
Van Wert County|Ohio|28462
Vinton County|Ohio|13234
Warren County|Ohio|221659
Washington County|Ohio|61213
Wayne County|Ohio|115537
Williams County|Ohio|37291
Wood County|Ohio|129590
Wyandot County|Ohio|22353
Adair County|Oklahoma|22186
Alfalfa County|Oklahoma|5790
Atoka County|Oklahoma|13796
Beaver County|Oklahoma|5486
Beckham County|Oklahoma|23691
Blaine County|Oklahoma|9917
Bryan County|Oklahoma|44486
Caddo County|Oklahoma|29317
Canadian County|Oklahoma|129582
Carter County|Oklahoma|48821
Cherokee County|Oklahoma|48341
Choctaw County|Oklahoma|15161
Cimarron County|Oklahoma|2294
Cleveland County|Oklahoma|269908
Coal County|Oklahoma|5807
Comanche County|Oklahoma|125033
Cotton County|Oklahoma|6150
Craig County|Oklahoma|14582
Creek County|Oklahoma|70632
Custer County|Oklahoma|29500
Delaware County|Oklahoma|41446
Dewey County|Oklahoma|4914
Ellis County|Oklahoma|4150
Garfield County|Oklahoma|63091
Garvin County|Oklahoma|27561
Grady County|Oklahoma|53854
Grant County|Oklahoma|4501
Greer County|Oklahoma|6151
Harmon County|Oklahoma|2798
Harper County|Oklahoma|3812
Haskell County|Oklahoma|12896
Hughes County|Oklahoma|13806
Jackson County|Oklahoma|25998
Jefferson County|Oklahoma|6292
Johnston County|Oklahoma|11103
Kay County|Oklahoma|45478
Kingfisher County|Oklahoma|15532
Kiowa County|Oklahoma|9336
Latimer County|Oklahoma|10693
Le Flore County|Oklahoma|49761
Lincoln County|Oklahoma|34619
Logan County|Oklahoma|45276
Love County|Oklahoma|9773
McClain County|Oklahoma|37313
McCurtain County|Oklahoma|33050
McIntosh County|Oklahoma|20088
Major County|Oklahoma|7750
Marshall County|Oklahoma|16182
Mayes County|Oklahoma|40816
Murray County|Oklahoma|13803
Muskogee County|Oklahoma|69966
Noble County|Oklahoma|11494
Nowata County|Oklahoma|10524
Okfuskee County|Oklahoma|12186
Oklahoma County|Oklahoma|766215
Okmulgee County|Oklahoma|39095
Osage County|Oklahoma|47981
Ottawa County|Oklahoma|32105
Pawnee County|Oklahoma|16401
Payne County|Oklahoma|80264
Pittsburg County|Oklahoma|44626
Pontotoc County|Oklahoma|38005
Pottawatomie County|Oklahoma|71811
Pushmataha County|Oklahoma|11125
Roger Mills County|Oklahoma|3761
Rogers County|Oklahoma|89815
Seminole County|Oklahoma|25421
Sequoyah County|Oklahoma|41358
Stephens County|Oklahoma|44493
Texas County|Oklahoma|21853
Tillman County|Oklahoma|7628
Tulsa County|Oklahoma|629598
Wagoner County|Oklahoma|75702
Washington County|Oklahoma|51937
Washita County|Oklahoma|11547
Woods County|Oklahoma|9288
Woodward County|Oklahoma|21529
Baker County|Oregon|16059
Benton County|Oregon|86316
Clackamas County|Oregon|394972
Clatsop County|Oregon|37474
Columbia County|Oregon|49459
Coos County|Oregon|62475
Crook County|Oregon|20998
Curry County|Oregon|22335
Deschutes County|Oregon|170388
Douglas County|Oregon|106972
Gilliam County|Oregon|1932
Grant County|Oregon|7180
Harney County|Oregon|7126
Hood River County|Oregon|22885
Jackson County|Oregon|210287
Jefferson County|Oregon|22192
Josephine County|Oregon|83599
Klamath County|Oregon|65455
Lake County|Oregon|7838
Lane County|Oregon|358337
Lincoln County|Oregon|46406
Linn County|Oregon|119356
Malheur County|Oregon|30359
Marion County|Oregon|326110
Morrow County|Oregon|11187
Multnomah County|Oregon|776712
Polk County|Oregon|77916
Sherman County|Oregon|1710
Tillamook County|Oregon|25342
Umatilla County|Oregon|76705
Union County|Oregon|25691
Wallowa County|Oregon|6820
Wasco County|Oregon|25515
Washington County|Oregon|562998
Wheeler County|Oregon|1375
Yamhill County|Oregon|101758
Adams County|Pennsylvania|101714
Allegheny County|Pennsylvania|1231255
Armstrong County|Pennsylvania|67785
Beaver County|Pennsylvania|169392
Bedford County|Pennsylvania|48946
Berks County|Pennsylvania|413691
Blair County|Pennsylvania|125955
Bradford County|Pennsylvania|61784
Bucks County|Pennsylvania|626685
Butler County|Pennsylvania|185943
Cambria County|Pennsylvania|137732
Cameron County|Pennsylvania|4805
Carbon County|Pennsylvania|64441
Centre County|Pennsylvania|158742
Chester County|Pennsylvania|512784
Clarion County|Pennsylvania|38821
Clearfield County|Pennsylvania|81191
Clinton County|Pennsylvania|39745
Columbia County|Pennsylvania|67122
Crawford County|Pennsylvania|87175
Cumberland County|Pennsylvania|243762
Dauphin County|Pennsylvania|271453
Delaware County|Pennsylvania|562960
Elk County|Pennsylvania|31194
Erie County|Pennsylvania|278443
Fayette County|Pennsylvania|134086
Forest County|Pennsylvania|7518
Franklin County|Pennsylvania|152892
Fulton County|Pennsylvania|14632
Greene County|Pennsylvania|37843
Huntingdon County|Pennsylvania|45750
Indiana County|Pennsylvania|87706
Jefferson County|Pennsylvania|44638
Juniata County|Pennsylvania|24796
Lackawanna County|Pennsylvania|212719
Lancaster County|Pennsylvania|533320
Lawrence County|Pennsylvania|88771
Lebanon County|Pennsylvania|136359
Lehigh County|Pennsylvania|357823
Luzerne County|Pennsylvania|318829
Lycoming County|Pennsylvania|116508
McKean County|Pennsylvania|42554
Mercer County|Pennsylvania|114884
Mifflin County|Pennsylvania|46552
Monroe County|Pennsylvania|166314
Montgomery County|Pennsylvania|816857
Montour County|Pennsylvania|18641
Northampton County|Pennsylvania|300654
Northumberland County|Pennsylvania|93944
Perry County|Pennsylvania|45634
Philadelphia County|Pennsylvania|1560297
Pike County|Pennsylvania|56191
Potter County|Pennsylvania|17206
Schuylkill County|Pennsylvania|145797
Snyder County|Pennsylvania|40323
Somerset County|Pennsylvania|76218
Sullivan County|Pennsylvania|6339
Susquehanna County|Pennsylvania|41920
Tioga County|Pennsylvania|42274
Union County|Pennsylvania|44874
Venango County|Pennsylvania|53529
Warren County|Pennsylvania|40703
Washington County|Pennsylvania|208187
Wayne County|Pennsylvania|51401
Westmoreland County|Pennsylvania|359320
Wyoming County|Pennsylvania|28131
York County|Pennsylvania|440755
Bristol County|Rhode Island|49060
Kent County|Rhode Island|165128
Newport County|Rhode Island|82358
Providence County|Rhode Island|631974
Washington County|Rhode Island|126653
Abbeville County|South Carolina|24965
Aiken County|South Carolina|164753
Allendale County|South Carolina|9695
Anderson County|South Carolina|192810
Bamberg County|South Carolina|15182
Barnwell County|South Carolina|21959
Beaufort County|South Carolina|175852
Berkeley County|South Carolina|198205
Calhoun County|South Carolina|14878
Charleston County|South Carolina|381015
Cherokee County|South Carolina|56024
Chester County|South Carolina|32337
Chesterfield County|South Carolina|46125
Clarendon County|South Carolina|34113
Colleton County|South Carolina|37771
Darlington County|South Carolina|67799
Dillon County|South Carolina|31127
Dorchester County|South Carolina|148469
Edgefield County|South Carolina|26553
Fairfield County|South Carolina|22976
Florence County|South Carolina|139231
Georgetown County|South Carolina|60773
Greenville County|South Carolina|482752
Greenwood County|South Carolina|69520
Hampton County|South Carolina|20405
Horry County|South Carolina|298832
Jasper County|South Carolina|27170
Kershaw County|South Carolina|63161
Lancaster County|South Carolina|83160
Laurens County|South Carolina|66533
Lee County|South Carolina|18343
Lexington County|South Carolina|277888
McCormick County|South Carolina|9846
Marion County|South Carolina|31933
Marlboro County|South Carolina|27924
Newberry County|South Carolina|37783
Oconee County|South Carolina|75192
Orangeburg County|South Carolina|90090
Pickens County|South Carolina|120368
Richland County|South Carolina|401566
Saluda County|South Carolina|20026
Spartanburg County|South Carolina|293542
Sumter County|South Carolina|107919
Union County|South Carolina|27876
Williamsburg County|South Carolina|32695
York County|South Carolina|245346
Aurora County|South Dakota|2745
Beadle County|South Dakota|18169
Bennett County|South Dakota|3430
Bon Homme County|South Dakota|7023
Brookings County|South Dakota|33314
Brown County|South Dakota|38408
Brule County|South Dakota|5309
Buffalo County|South Dakota|2077
Butte County|South Dakota|10298
Campbell County|South Dakota|1386
Charles Mix County|South Dakota|9287
Clark County|South Dakota|3645
Clay County|South Dakota|13932
Codington County|South Dakota|27938
Corson County|South Dakota|4182
Custer County|South Dakota|8445
Davison County|South Dakota|19885
Day County|South Dakota|5588
Deuel County|South Dakota|4312
Dewey County|South Dakota|5662
Douglas County|South Dakota|2973
Edmunds County|South Dakota|3983
Fall River County|South Dakota|6845
Faulk County|South Dakota|2357
Grant County|South Dakota|7241
Gregory County|South Dakota|4217
Haakon County|South Dakota|1847
Hamlin County|South Dakota|5989
Hand County|South Dakota|3345
Hanson County|South Dakota|3419
Harding County|South Dakota|1250
Hughes County|South Dakota|17642
Hutchinson County|South Dakota|7200
Hyde County|South Dakota|1396
Jackson County|South Dakota|3274
Jerauld County|South Dakota|2007
Jones County|South Dakota|975
Kingsbury County|South Dakota|5075
Lake County|South Dakota|12368
Lawrence County|South Dakota|24657
Lincoln County|South Dakota|51548
Lyman County|South Dakota|3877
McCook County|South Dakota|5649
McPherson County|South Dakota|2429
Marshall County|South Dakota|4683
Meade County|South Dakota|26951
Mellette County|South Dakota|2100
Miner County|South Dakota|2316
Minnehaha County|South Dakota|182882
Moody County|South Dakota|6367
Pennington County|South Dakota|108242
Perkins County|South Dakota|3033
Potter County|South Dakota|2340
Roberts County|South Dakota|10374
Sanborn County|South Dakota|2336
Shannon County|South Dakota|14218
Spink County|South Dakota|6598
Stanley County|South Dakota|2983
Sully County|South Dakota|1438
Todd County|South Dakota|9882
Tripp County|South Dakota|5512
Turner County|South Dakota|8272
Union County|South Dakota|15029
Walworth County|South Dakota|5511
Yankton County|South Dakota|22684
Ziebach County|South Dakota|2826
Anderson County|Tennessee|75528
Bedford County|Tennessee|46627
Benton County|Tennessee|16145
Bledsoe County|Tennessee|13931
Blount County|Tennessee|126339
Bradley County|Tennessee|102975
Campbell County|Tennessee|39918
Cannon County|Tennessee|13757
Carroll County|Tennessee|28370
Carter County|Tennessee|56886
Cheatham County|Tennessee|39764
Chester County|Tennessee|17379
Claiborne County|Tennessee|31592
Clay County|Tennessee|7765
Cocke County|Tennessee|35374
Coffee County|Tennessee|53623
Crockett County|Tennessee|14668
Cumberland County|Tennessee|57985
Davidson County|Tennessee|668347
Decatur County|Tennessee|11666
DeKalb County|Tennessee|19268
Dickson County|Tennessee|50575
Dyer County|Tennessee|37935
Fayette County|Tennessee|39011
Fentress County|Tennessee|17855
Franklin County|Tennessee|41402
Gibson County|Tennessee|49472
Giles County|Tennessee|28853
Grainger County|Tennessee|22864
Greene County|Tennessee|68335
Grundy County|Tennessee|13425
Hamblen County|Tennessee|63036
Hamilton County|Tennessee|351220
Hancock County|Tennessee|6657
Hardeman County|Tennessee|25965
Hardin County|Tennessee|25870
Hawkins County|Tennessee|56735
Haywood County|Tennessee|18185
Henderson County|Tennessee|28009
Henry County|Tennessee|32204
Hickman County|Tennessee|24384
Houston County|Tennessee|8267
Humphreys County|Tennessee|18135
Jackson County|Tennessee|11568
Jefferson County|Tennessee|52677
Johnson County|Tennessee|17859
Knox County|Tennessee|448644
Lake County|Tennessee|7631
Lauderdale County|Tennessee|27382
Lawrence County|Tennessee|42274
Lewis County|Tennessee|11906
Lincoln County|Tennessee|33637
Loudon County|Tennessee|50771
McMinn County|Tennessee|52626
McNairy County|Tennessee|26267
Macon County|Tennessee|23003
Madison County|Tennessee|98178
Marion County|Tennessee|28407
Marshall County|Tennessee|31269
Maury County|Tennessee|85515
Meigs County|Tennessee|11701
Monroe County|Tennessee|45233
Montgomery County|Tennessee|189961
Moore County|Tennessee|6319
Morgan County|Tennessee|21660
Obion County|Tennessee|30941
Overton County|Tennessee|22028
Perry County|Tennessee|7822
Pickett County|Tennessee|5124
Polk County|Tennessee|16730
Putnam County|Tennessee|74165
Rhea County|Tennessee|32641
Roane County|Tennessee|52748
Robertson County|Tennessee|68079
Rutherford County|Tennessee|288906
Scott County|Tennessee|21987
Sequatchie County|Tennessee|14704
Sevier County|Tennessee|95110
Shelby County|Tennessee|938803
Smith County|Tennessee|19009
Stewart County|Tennessee|13279
Sullivan County|Tennessee|157047
Sumner County|Tennessee|172706
Tipton County|Tennessee|61623
Trousdale County|Tennessee|8002
Unicoi County|Tennessee|17963
Union County|Tennessee|19113
Van Buren County|Tennessee|5633
Warren County|Tennessee|39969
Washington County|Tennessee|126242
Wayne County|Tennessee|16913
Weakley County|Tennessee|34373
White County|Tennessee|26301
Williamson County|Tennessee|205226
Wilson County|Tennessee|125376
Anderson County|Texas|57627
Andrews County|Texas|17477
Angelina County|Texas|87750
Aransas County|Texas|24972
Archer County|Texas|8811
Armstrong County|Texas|1955
Atascosa County|Texas|47774
Austin County|Texas|29114
Bailey County|Texas|6910
Bandera County|Texas|20892
Bastrop County|Texas|78069
Baylor County|Texas|3592
Bee County|Texas|32863
Bell County|Texas|329140
Bexar County|Texas|1855866
Blanco County|Texas|10812
Borden County|Texas|652
Bosque County|Texas|17780
Bowie County|Texas|93275
Brazoria County|Texas|338124
Brazos County|Texas|209152
Brewster County|Texas|9173
Briscoe County|Texas|1536
Brooks County|Texas|7194
Brown County|Texas|37653
Burleson County|Texas|17253
Burnet County|Texas|44943
Caldwell County|Texas|39810
Calhoun County|Texas|21797
Callahan County|Texas|13513
Cameron County|Texas|420392
Camp County|Texas|12621
Carson County|Texas|6013
Cass County|Texas|30261
Castro County|Texas|7781
Chambers County|Texas|38145
Cherokee County|Texas|50902
Childress County|Texas|7089
Clay County|Texas|10370
Cochran County|Texas|2935
Coke County|Texas|3254
Coleman County|Texas|8430
Collin County|Texas|885241
Collingsworth County|Texas|3017
Colorado County|Texas|20719
Comal County|Texas|123694
Comanche County|Texas|13550
Concho County|Texas|4050
Cooke County|Texas|38761
Coryell County|Texas|75562
Cottle County|Texas|1415
Crane County|Texas|4950
Crockett County|Texas|3812
Crosby County|Texas|5899
Culberson County|Texas|2266
Dallam County|Texas|7135
Dallas County|Texas|2518638
Dawson County|Texas|13372
Deaf Smith County|Texas|19195
Delta County|Texas|5238
Denton County|Texas|753363
DeWitt County|Texas|20684
Dickens County|Texas|2218
Dimmit County|Texas|11089
Donley County|Texas|3543
Duval County|Texas|11533
Eastland County|Texas|18176
Ector County|Texas|153904
Edwards County|Texas|1879
Ellis County|Texas|159317
El Paso County|Texas|833487
Erath County|Texas|40147
Falls County|Texas|16989
Fannin County|Texas|33752
Fayette County|Texas|24833
Fisher County|Texas|3831
Floyd County|Texas|5949
Foard County|Texas|1275
Fort Bend County|Texas|685345
Franklin County|Texas|10600
Freestone County|Texas|19762
Frio County|Texas|18531
Gaines County|Texas|19425
Galveston County|Texas|314198
Garza County|Texas|6435
Gillespie County|Texas|25520
Glasscock County|Texas|1291
Goliad County|Texas|7549
Gonzales County|Texas|20462
Gray County|Texas|23044
Grayson County|Texas|123534
Gregg County|Texas|123204
Grimes County|Texas|27172
Guadalupe County|Texas|147250
Hale County|Texas|34720
Hall County|Texas|3147
Hamilton County|Texas|8199
Hansford County|Texas|5509
Hardeman County|Texas|3928
Hardin County|Texas|55621
Harris County|Texas|4441370
Harrison County|Texas|67336
Hartley County|Texas|6089
Haskell County|Texas|5769
Hays County|Texas|185025
Hemphill County|Texas|4180
Henderson County|Texas|79290
Hidalgo County|Texas|831073
Hill County|Texas|34848
Hockley County|Texas|23577
Hood County|Texas|53921
Hopkins County|Texas|35921
Houston County|Texas|22741
Howard County|Texas|36651
Hudspeth County|Texas|3211
Hunt County|Texas|88493
Hutchinson County|Texas|21773
Irion County|Texas|1574
Jack County|Texas|8855
Jackson County|Texas|14739
Jasper County|Texas|35552
Jeff Davis County|Texas|2204
Jefferson County|Texas|252235
Jim Hogg County|Texas|5255
Jim Wells County|Texas|41353
Johnson County|Texas|157456
Jones County|Texas|19936
Karnes County|Texas|14906
Kaufman County|Texas|111236
Kendall County|Texas|38880
Kenedy County|Texas|400
Kent County|Texas|785
Kerr County|Texas|50562
Kimble County|Texas|4438
King County|Texas|262
Kinney County|Texas|3526
Kleberg County|Texas|32190
Knox County|Texas|3858
Lamar County|Texas|49523
Lamb County|Texas|13574
Lampasas County|Texas|20156
La Salle County|Texas|7474
Lavaca County|Texas|19721
Lee County|Texas|16742
Leon County|Texas|16861
Liberty County|Texas|78117
Limestone County|Texas|23524
Lipscomb County|Texas|3553
Live Oak County|Texas|12091
Llano County|Texas|19510
Loving County|Texas|86
Lubbock County|Texas|293974
Lynn County|Texas|5771
McCulloch County|Texas|8199
McLennan County|Texas|243441
McMullen County|Texas|805
Madison County|Texas|13861
Marion County|Texas|10149
Martin County|Texas|5460
Mason County|Texas|4071
Matagorda County|Texas|36519
Maverick County|Texas|57023
Medina County|Texas|47894
Menard County|Texas|2147
Midland County|Texas|155830
Milam County|Texas|24256
Mills County|Texas|4870
Mitchell County|Texas|9076
Montague County|Texas|19416
Montgomery County|Texas|518947
Moore County|Texas|22148
Morris County|Texas|12743
Motley County|Texas|1153
Nacogdoches County|Texas|65301
Navarro County|Texas|48195
Newton County|Texas|14138
Nolan County|Texas|15093
Nueces County|Texas|356221
Ochiltree County|Texas|10758
Oldham County|Texas|2070
Orange County|Texas|83433
Palo Pinto County|Texas|28096
Panola County|Texas|23769
Parker County|Texas|123164
Parmer County|Texas|9908
Pecos County|Texas|15893
Polk County|Texas|46079
Potter County|Texas|121627
Presidio County|Texas|6976
Rains County|Texas|11032
Randall County|Texas|128220
Reagan County|Texas|3755
Real County|Texas|3371
Red River County|Texas|12446
Reeves County|Texas|14349
Refugio County|Texas|7302
Roberts County|Texas|928
Robertson County|Texas|16500
Rockwall County|Texas|87809
Runnels County|Texas|10416
Rusk County|Texas|53923
Sabine County|Texas|10350
San Augustine County|Texas|8610
San Jacinto County|Texas|27099
San Patricio County|Texas|66915
San Saba County|Texas|5622
Schleicher County|Texas|3162
Scurry County|Texas|17328
Shackelford County|Texas|3343
Shelby County|Texas|25515
Sherman County|Texas|3084
Smith County|Texas|218842
Somervell County|Texas|8694
Starr County|Texas|62955
Stephens County|Texas|9405
Sterling County|Texas|1339
Stonewall County|Texas|1403
Sutton County|Texas|3972
Swisher County|Texas|7581
Tarrant County|Texas|1945360
Taylor County|Texas|135143
Terrell County|Texas|927
Terry County|Texas|12739
Throckmorton County|Texas|1608
Titus County|Texas|32506
Tom Green County|Texas|116608
Travis County|Texas|1151145
Trinity County|Texas|14224
Tyler County|Texas|21418
Upshur County|Texas|40354
Upton County|Texas|3454
Uvalde County|Texas|27117
Val Verde County|Texas|48974
Van Zandt County|Texas|52910
Victoria County|Texas|91081
Walker County|Texas|69789
Waller County|Texas|46820
Ward County|Texas|11625
Washington County|Texas|34438
Webb County|Texas|266673
Wharton County|Texas|41168
Wheeler County|Texas|5714
Wichita County|Texas|132355
Wilbarger County|Texas|12973
Willacy County|Texas|21903
Williamson County|Texas|489250
Wilson County|Texas|46402
Winkler County|Texas|7821
Wise County|Texas|61638
Wood County|Texas|42852
Yoakum County|Texas|8286
Young County|Texas|18350
Zapata County|Texas|14319
Zavala County|Texas|12267
Beaver County|Utah|6461
Box Elder County|Utah|51518
Cache County|Utah|118343
Carbon County|Utah|20660
Daggett County|Utah|1117
Davis County|Utah|329692
Duchesne County|Utah|20380
Emery County|Utah|10631
Garfield County|Utah|5024
Grand County|Utah|9429
Iron County|Utah|47269
Juab County|Utah|10486
Kane County|Utah|7254
Millard County|Utah|12606
Morgan County|Utah|10608
Piute County|Utah|1484
Rich County|Utah|2293
Salt Lake County|Utah|1091742
San Juan County|Utah|15251
Sanpete County|Utah|28477
Sevier County|Utah|20773
Summit County|Utah|39105
Tooele County|Utah|61598
Uintah County|Utah|36867
Utah County|Utah|560974
Wasatch County|Utah|27714
Washington County|Utah|151948
Wayne County|Utah|2723
Weber County|Utah|240475
Addison County|Vermont|37009
Bennington County|Vermont|36445
Caledonia County|Vermont|30981
Chittenden County|Vermont|160531
Essex County|Vermont|6125
Franklin County|Vermont|48642
Grand Isle County|Vermont|6994
Lamoille County|Vermont|25082
Orange County|Vermont|28859
Orleans County|Vermont|27082
Rutland County|Vermont|60086
Washington County|Vermont|58998
Windham County|Vermont|43714
Windsor County|Vermont|56014
Accomack County|Virginia|33021
Albemarle County|Virginia|104489
Alleghany County|Virginia|15820
Amelia County|Virginia|12855
Amherst County|Virginia|32041
Appomattox County|Virginia|15279
Arlington County|Virginia|226908
Augusta County|Virginia|73862
Bath County|Virginia|4563
Bedford County|Virginia|76583
Bland County|Virginia|6625
Botetourt County|Virginia|33100
Brunswick County|Virginia|16498
Buchanan County|Virginia|23106
Buckingham County|Virginia|16913
Campbell County|Virginia|54885
Caroline County|Virginia|29778
Carroll County|Virginia|29621
Charles CityCounty|Virginia|7023
Charlotte County|Virginia|12225
Chesterfield County|Virginia|332499
Clarke County|Virginia|14423
Craig County|Virginia|5234
Culpeper County|Virginia|49166
Cumberland County|Virginia|9827
Dickenson County|Virginia|15308
Dinwiddie County|Virginia|27859
Essex County|Virginia|11103
Fairfax County|Virginia|1137538
Fauquier County|Virginia|68248
Floyd County|Virginia|15578
Fluvanna County|Virginia|26092
Franklin County|Virginia|56358
Frederick County|Virginia|82377
Giles County|Virginia|16815
Gloucester County|Virginia|37141
Goochland County|Virginia|21936
Grayson County|Virginia|15093
Greene County|Virginia|19031
Greensville County|Virginia|11681
Halifax County|Virginia|35200
Hanover County|Virginia|101918
Henrico County|Virginia|321924
Henry County|Virginia|52081
Highland County|Virginia|2248
Isle of Wight County|Virginia|36007
James CityCounty|Virginia|72583
King and Queen County|Virginia|7175
King George County|Virginia|25371
King William County|Virginia|16186
Lancaster County|Virginia|11044
Lee County|Virginia|24951
Loudoun County|Virginia|363050
Louisa County|Virginia|34348
Lunenburg County|Virginia|12466
Madison County|Virginia|13157
Mathews County|Virginia|8836
Mecklenburg County|Virginia|31192
Middlesex County|Virginia|10696
Montgomery County|Virginia|97244
Nelson County|Virginia|14850
New Kent County|Virginia|20021
Northampton County|Virginia|12121
Northumberland County|Virginia|12251
Nottoway County|Virginia|15579
Orange County|Virginia|35026
Page County|Virginia|23848
Patrick County|Virginia|18264
Pittsylvania County|Virginia|62383
Powhatan County|Virginia|28449
Prince Edward County|Virginia|23074
Prince George County|Virginia|37333
Prince William County|Virginia|446094
Pulaski County|Virginia|34322
Rappahannock County|Virginia|7361
Richmond County|Virginia|8902
Roanoke County|Virginia|93785
Rockbridge County|Virginia|22327
Rockingham County|Virginia|78171
Russell County|Virginia|28023
Scott County|Virginia|22384
Shenandoah County|Virginia|43021
Smyth County|Virginia|31555
Southampton County|Virginia|18059
Spotsylvania County|Virginia|129188
Stafford County|Virginia|139992
Surry County|Virginia|6790
Sussex County|Virginia|11767
Tazewell County|Virginia|43452
Warren County|Virginia|38987
Washington County|Virginia|54729
Westmoreland County|Virginia|17477
Wise County|Virginia|39935
Wythe County|Virginia|29121
York County|Virginia|66342
Alexandria city|Virginia|150575
Bristol city|Virginia|17184
Buena Vista city|Virginia|6603
Charlottesville city|Virginia|45593
Chesapeake city|Virginia|233371
Colonial Heights city|Virginia|17731
Covington city|Virginia|5802
Danville city|Virginia|42444
Emporia city|Virginia|5462
Fairfax city|Virginia|24483
Falls Church city|Virginia|13601
Franklin city|Virginia|8526
Fredericksburg city|Virginia|28350
Galax city|Virginia|7014
Hampton city|Virginia|136879
Harrisonburg city|Virginia|52478
Hopewell city|Virginia|22196
Lexington city|Virginia|7311
Lynchburg city|Virginia|79047
Manassas city|Virginia|42081
Manassas Park city|Virginia|15174
Martinsville city|Virginia|13711
Newport News city|Virginia|182965
Norfolk city|Virginia|245428
Norton city|Virginia|4031
Petersburg city|Virginia|32701
Poquoson city|Virginia|12048
Portsmouth city|Virginia|96004
Radford city|Virginia|17646
Richmond city|Virginia|217853
Roanoke city|Virginia|99428
Salem city|Virginia|25483
Staunton city|Virginia|24538
Suffolk city|Virginia|86806
Virginia Beach city|Virginia|450980
Waynesboro city|Virginia|21366
Williamsburg city|Virginia|14691
Winchester city|Virginia|27543
Adams County|Washington|19179
Asotin County|Washington|22189
Benton County|Washington|186486
Chelan County|Washington|74588
Clallam County|Washington|72715
Clark County|Washington|451008
Columbia County|Washington|3985
Cowlitz County|Washington|102133
Douglas County|Washington|39804
Ferry County|Washington|7667
Franklin County|Washington|87809
Garfield County|Washington|2215
Grant County|Washington|93147
Grays Harbor County|Washington|70818
Island County|Washington|79275
Jefferson County|Washington|30228
King County|Washington|2079967
Kitsap County|Washington|254183
Kittitas County|Washington|42522
Klickitat County|Washington|20861
Lewis County|Washington|75128
Lincoln County|Washington|10250
Mason County|Washington|60711
Okanogan County|Washington|41290
Pacific County|Washington|20561
Pend Oreille County|Washington|12985
Pierce County|Washington|831928
San Juan County|Washington|16015
Skagit County|Washington|120365
Skamania County|Washington|11340
Snohomish County|Washington|759583
Spokane County|Washington|484318
Stevens County|Washington|43650
Thurston County|Washington|265851
Wahkiakum County|Washington|4067
Walla Walla County|Washington|59844
Whatcom County|Washington|208351
Whitman County|Washington|46827
Yakima County|Washington|247687
Barbour County|West Virginia|16766
Berkeley County|West Virginia|110497
Boone County|West Virginia|23714
Braxton County|West Virginia|14463
Brooke County|West Virginia|23530
Cabell County|West Virginia|97109
Calhoun County|West Virginia|7513
Clay County|West Virginia|8941
Doddridge County|West Virginia|8391
Fayette County|West Virginia|45132
Gilmer County|West Virginia|8618
Grant County|West Virginia|11687
Greenbrier County|West Virginia|35450
Hampshire County|West Virginia|23483
Hancock County|West Virginia|30112
Hardy County|West Virginia|13923
Harrison County|West Virginia|68761
Jackson County|West Virginia|29126
Jefferson County|West Virginia|55713
Kanawha County|West Virginia|190223
Lewis County|West Virginia|16414
Lincoln County|West Virginia|21561
Logan County|West Virginia|35348
McDowell County|West Virginia|20448
Marion County|West Virginia|56803
Marshall County|West Virginia|32416
Mason County|West Virginia|27016
Mercer County|West Virginia|61785
Mineral County|West Virginia|27578
Mingo County|West Virginia|25716
Monongalia County|West Virginia|103463
Monroe County|West Virginia|13582
Morgan County|West Virginia|17453
Nicholas County|West Virginia|25827
Ohio County|West Virginia|43328
Pendleton County|West Virginia|7371
Pleasants County|West Virginia|7634
Pocahontas County|West Virginia|8662
Preston County|West Virginia|33788
Putnam County|West Virginia|56770
Raleigh County|West Virginia|78241
Randolph County|West Virginia|29429
Ritchie County|West Virginia|10011
Roane County|West Virginia|14664
Summers County|West Virginia|13417
Taylor County|West Virginia|17069
Tucker County|West Virginia|6927
Tyler County|West Virginia|9098
Upshur County|West Virginia|24731
Wayne County|West Virginia|41122
Webster County|West Virginia|8834
Wetzel County|West Virginia|15988
Wirt County|West Virginia|5845
Wood County|West Virginia|86237
Wyoming County|West Virginia|22598
Adams County|Wisconsin|20215
Ashland County|Wisconsin|16103
Barron County|Wisconsin|45455
Bayfield County|Wisconsin|14985
Brown County|Wisconsin|256670
Buffalo County|Wisconsin|13188
Burnett County|Wisconsin|15328
Calumet County|Wisconsin|49491
Chippewa County|Wisconsin|63460
Clark County|Wisconsin|34423
Columbia County|Wisconsin|56615
Crawford County|Wisconsin|16392
Dane County|Wisconsin|516284
Dodge County|Wisconsin|88574
Door County|Wisconsin|27766
Douglas County|Wisconsin|43698
Dunn County|Wisconsin|44305
Eau Claire County|Wisconsin|101564
Florence County|Wisconsin|4481
Fond du Lac County|Wisconsin|101759
Forest County|Wisconsin|9127
Grant County|Wisconsin|51829
Green County|Wisconsin|37063
Green Lake County|Wisconsin|18836
Iowa County|Wisconsin|23825
Iron County|Wisconsin|5917
Jackson County|Wisconsin|20652
Jefferson County|Wisconsin|84395
Juneau County|Wisconsin|26395
Kenosha County|Wisconsin|168068
Kewaunee County|Wisconsin|20444
La Crosse County|Wisconsin|118011
Lafayette County|Wisconsin|16853
Langlade County|Wisconsin|19410
Lincoln County|Wisconsin|28493
Manitowoc County|Wisconsin|80160
Marathon County|Wisconsin|135780
Marinette County|Wisconsin|41298
Marquette County|Wisconsin|15050
Menominee County|Wisconsin|4522
Milwaukee County|Wisconsin|956406
Monroe County|Wisconsin|45379
Oconto County|Wisconsin|37417
Oneida County|Wisconsin|35563
Outagamie County|Wisconsin|182006
Ozaukee County|Wisconsin|87470
Pepin County|Wisconsin|7335
Pierce County|Wisconsin|40958
Polk County|Wisconsin|43437
Portage County|Wisconsin|70482
Price County|Wisconsin|13675
Racine County|Wisconsin|195163
Richland County|Wisconsin|17662
Rock County|Wisconsin|161188
Rusk County|Wisconsin|14333
St. Croix County|Wisconsin|86759
Sauk County|Wisconsin|63379
Sawyer County|Wisconsin|16437
Shawano County|Wisconsin|41579
Sheboygan County|Wisconsin|115290
Taylor County|Wisconsin|20540
Trempealeau County|Wisconsin|29509
Vernon County|Wisconsin|30362
Vilas County|Wisconsin|21398
Walworth County|Wisconsin|103527
Washburn County|Wisconsin|15694
Washington County|Wisconsin|133251
Waukesha County|Wisconsin|395118
Waupaca County|Wisconsin|52066
Waushara County|Wisconsin|24178
Winnebago County|Wisconsin|169511
Wood County|Wisconsin|73608
Albany County|Wyoming|37811
Big Horn County|Wyoming|11930
Campbell County|Wyoming|48320
Carbon County|Wyoming|15854
Converse County|Wyoming|14097
Crook County|Wyoming|7248
Fremont County|Wyoming|40703
Goshen County|Wyoming|13514
Hot Springs County|Wyoming|4816
Johnson County|Wyoming|8573
Laramie County|Wyoming|96389
Lincoln County|Wyoming|18567
Natrona County|Wyoming|81624
Niobrara County|Wyoming|2463
Park County|Wyoming|28989
Platte County|Wyoming|8799
Sheridan County|Wyoming|30032
Sublette County|Wyoming|10057
Sweetwater County|Wyoming|45010
Teton County|Wyoming|22930
Uinta County|Wyoming|20904
Washakie County|Wyoming|8322
Weston County|Wyoming|7201